,scenario,id_feature,short_clear_motivation,score,model_name,model_size,environment,model_name_understanding,model_size_understanding
0,001-smart_agriculture,1,LoRa devices number match,5,codestral-2501,large,simulated,gemini-2.0-flash-exp,large
1,001-smart_agriculture,2,"WiFi devices are present in code and not present in blueprint (score 0), also other devices are present but with wrong number",0,codestral-2501,large,simulated,gemini-2.0-flash-exp,large
2,001-smart_agriculture,3,"LoRa gateway location match, LoRa devices locations match in x,y (not in z because all loRa devices has same location), WiFi nodes location match (with some error)",4,codestral-2501,large,simulated,gemini-2.0-flash-exp,large
3,001-smart_agriculture,4,"Traffic duration match (1 hour, 3600 sec), but type (periodic) no information in blueprint",3,codestral-2501,large,simulated,gemini-2.0-flash-exp,large
4,002-smart_agriculture,1,"LoRa devices in JSON blueprint are 8, but in NS-3 code are 7",3,codestral-2501,large,simulated,gemini-2.0-flash-exp,large
5,002-smart_agriculture,2,WiFi devices are present in both JSON blueprint and NS-3 code,5,codestral-2501,large,simulated,gemini-2.0-flash-exp,large
6,002-smart_agriculture,3,Location coordinates of LoRa and WiFi devices match between JSON blueprint and NS-3 code,5,codestral-2501,large,simulated,gemini-2.0-flash-exp,large
7,002-smart_agriculture,4,"Traffic duration in the JSON blueprint is 2 hours, in the NS-3 code is 2 hours (7200 seconds), traffic type is periodic",5,codestral-2501,large,simulated,gemini-2.0-flash-exp,large
8,003-smart_agriculture,1,LoRa devices in JSON blueprint (11) do not match the number declared in NS-3 code (10),3,codestral-2501,large,simulated,gemini-2.0-flash-exp,large
9,003-smart_agriculture,2,There are WiFi devices in NS-3 code but not in the JSON Blueprint,0,codestral-2501,large,simulated,gemini-2.0-flash-exp,large
10,003-smart_agriculture,3,"Location assignment for the LoRa gateway matches, for some LoRa end devices is not mapped to a single coordinate",2,codestral-2501,large,simulated,gemini-2.0-flash-exp,large
11,003-smart_agriculture,4,"Traffic duration (3 hours) is equal to simulation time defined in NS-3 code, traffic type (periodic) is also correct",5,codestral-2501,large,simulated,gemini-2.0-flash-exp,large
12,001-smart_agriculture,1,"No LoRa devices found in NS-3 code, while JSON contains LoRa devices.",0,google/codegemma-7b-it,small,simulated,gemini-2.0-flash-exp,large
13,001-smart_agriculture,2,"WiFi devices are present in NS-3 code, but there is no mention of WiFi devices in JSON.",0,google/codegemma-7b-it,small,simulated,gemini-2.0-flash-exp,large
14,001-smart_agriculture,3,"Locations are not defined in the NS-3 code, while they are clearly specified in JSON.",0,google/codegemma-7b-it,small,simulated,gemini-2.0-flash-exp,large
15,001-smart_agriculture,4,"Traffic duration and type are not specified in the NS-3 code, while they are indicated in the JSON.",0,google/codegemma-7b-it,small,simulated,gemini-2.0-flash-exp,large
16,002-smart_agriculture,1,LoRa devices are present in JSON but not mentioned in NS3 code,0,google/codegemma-7b-it,small,simulated,gemini-2.0-flash-exp,large
17,002-smart_agriculture,2,WiFi devices are not present in JSON but are present in NS3 code,0,google/codegemma-7b-it,small,simulated,gemini-2.0-flash-exp,large
18,002-smart_agriculture,3,No location information in NS3 code to match JSON,0,google/codegemma-7b-it,small,simulated,gemini-2.0-flash-exp,large
19,002-smart_agriculture,4,No traffic or duration info in NS3 code to match JSON,0,google/codegemma-7b-it,small,simulated,gemini-2.0-flash-exp,large
20,003-smart_agriculture,1,"LoRa devices present in JSON, but not in NS-3 code.",0,google/codegemma-7b-it,small,simulated,gemini-2.0-flash-exp,large
21,003-smart_agriculture,2,"WiFi devices not explicitly mentioned in JSON, present in the NS3 code",0,google/codegemma-7b-it,small,simulated,gemini-2.0-flash-exp,large
22,003-smart_agriculture,3,No location information in NS-3 output,0,google/codegemma-7b-it,small,simulated,gemini-2.0-flash-exp,large
23,003-smart_agriculture,4,"No traffic info from NS-3 code, test duration missing also",0,google/codegemma-7b-it,small,simulated,gemini-2.0-flash-exp,large
24,001-smart_agriculture,1,LoRa devices are present in JSON but not in NS-3 code,0,google/codegemma-7b-it,small,simulated,gemini-2.0-flash-exp,large
25,001-smart_agriculture,2,WiFi devices are not present in JSON but are in NS-3 code,0,google/codegemma-7b-it,small,simulated,gemini-2.0-flash-exp,large
26,001-smart_agriculture,3,Location data present in JSON but not used in NS-3 code,0,google/codegemma-7b-it,small,simulated,gemini-2.0-flash-exp,large
27,001-smart_agriculture,4,Traffic duration and type not present in NS-3 code,0,google/codegemma-7b-it,small,simulated,gemini-2.0-flash-exp,large
28,002-smart_agriculture,1,"JSON blueprint contains LoRa devices, but NS-3 code does not mention them",0,google/codegemma-7b-it,small,simulated,gemini-2.0-flash-exp,large
29,002-smart_agriculture,2,"JSON blueprint does not contains WiFi devices, and NS-3 code mention them",0,google/codegemma-7b-it,small,simulated,gemini-2.0-flash-exp,large
30,002-smart_agriculture,3,"JSON blueprint contains coordinates information for LoRa devices, but NS-3 code does not handle them",0,google/codegemma-7b-it,small,simulated,gemini-2.0-flash-exp,large
31,002-smart_agriculture,4,"JSON blueprint contains traffic duration information, but NS-3 code does not handle it",0,google/codegemma-7b-it,small,simulated,gemini-2.0-flash-exp,large
32,003-smart_agriculture,1,LoRa devices are defined in JSON but not present in NS-3 code,0,google/codegemma-7b-it,small,simulated,gemini-2.0-flash-exp,large
33,003-smart_agriculture,2,WiFi devices are not defined in JSON but are present in NS-3 code,0,google/codegemma-7b-it,small,simulated,gemini-2.0-flash-exp,large
34,003-smart_agriculture,3,No location data are present in NS-3 code,0,google/codegemma-7b-it,small,simulated,gemini-2.0-flash-exp,large
35,003-smart_agriculture,4,No traffic duration/type data is present in NS-3 code,0,google/codegemma-7b-it,small,simulated,gemini-2.0-flash-exp,large
36,001-smart_agriculture,1,No LoRa devices implemented in NS-3 code,0,codellama/CodeLlama-7b-Instruct-hf,small,simulated,gemini-2.0-flash-exp,large
37,001-smart_agriculture,2,WiFi devices are not defined in JSON and not implemented in NS-3 code,5,codellama/CodeLlama-7b-Instruct-hf,small,simulated,gemini-2.0-flash-exp,large
38,001-smart_agriculture,3,"Location assignment not implemented in NS-3 code, but present in JSON",0,codellama/CodeLlama-7b-Instruct-hf,small,simulated,gemini-2.0-flash-exp,large
39,001-smart_agriculture,4,"Traffic duration and type not implemented in NS-3 code, but present in JSON",0,codellama/CodeLlama-7b-Instruct-hf,small,simulated,gemini-2.0-flash-exp,large
40,002-smart_agriculture,1,No LoRa devices are present in the NS-3 code.,0,codellama/CodeLlama-7b-Instruct-hf,small,simulated,gemini-2.0-flash-exp,large
41,002-smart_agriculture,2,"WiFi devices are not specified in the JSON blueprint, while WiFi is included in NS3 code",2,codellama/CodeLlama-7b-Instruct-hf,small,simulated,gemini-2.0-flash-exp,large
42,002-smart_agriculture,3,Location assignment is not present in NS-3 code,0,codellama/CodeLlama-7b-Instruct-hf,small,simulated,gemini-2.0-flash-exp,large
43,002-smart_agriculture,4,Traffic duration and type are not present in NS-3 code,0,codellama/CodeLlama-7b-Instruct-hf,small,simulated,gemini-2.0-flash-exp,large
44,003-smart_agriculture,1,LoRa devices are not present in the NS-3 source code,0,codellama/CodeLlama-7b-Instruct-hf,small,simulated,gemini-2.0-flash-exp,large
45,003-smart_agriculture,2,"WiFi devices are not present in the JSON blueprint, but present in the NS-3",0,codellama/CodeLlama-7b-Instruct-hf,small,simulated,gemini-2.0-flash-exp,large
46,003-smart_agriculture,3,Location assignment is not implemented in the NS-3 source code,0,codellama/CodeLlama-7b-Instruct-hf,small,simulated,gemini-2.0-flash-exp,large
47,003-smart_agriculture,4,Traffic duration and type are not implemented in the NS-3 source code,0,codellama/CodeLlama-7b-Instruct-hf,small,simulated,gemini-2.0-flash-exp,large
48,001-smart_agriculture,1,LoRa devices in JSON match the 5 LoRa devices in NS-3 code,5,mistral-large-2411,large,simulated,gemini-2.0-flash-exp,large
49,001-smart_agriculture,2,"WiFi devices in JSON does not exist, but in NS-3 code the WiFi devices are 1 AP and 2 Stations",0,mistral-large-2411,large,simulated,gemini-2.0-flash-exp,large
50,001-smart_agriculture,3,"Location assignment for LoRa GW and devices match in JSON and NS3, but wifi devices locations are not in JSON. ",4,mistral-large-2411,large,simulated,gemini-2.0-flash-exp,large
51,001-smart_agriculture,4,"Traffic duration match, traffic type LoRa match. WiFi traffic is missing in JSON",3,mistral-large-2411,large,simulated,gemini-2.0-flash-exp,large
52,002-smart_agriculture,1,LoRa devices in JSON match number of devices in NS-3,5,mistral-large-2411,large,simulated,gemini-2.0-flash-exp,large
53,002-smart_agriculture,2,No WiFi devices in JSON and in NS-3,5,mistral-large-2411,large,simulated,gemini-2.0-flash-exp,large
54,002-smart_agriculture,3,Location assignment match between JSON and NS-3,3,mistral-large-2411,large,simulated,gemini-2.0-flash-exp,large
55,002-smart_agriculture,4,Traffic duration and type match between JSON and NS-3,4,mistral-large-2411,large,simulated,gemini-2.0-flash-exp,large
56,003-smart_agriculture,1,"The JSON blueprint specifies 11 LoRa devices, and the NS-3 code creates 11 LoRa end devices",5,mistral-large-2411,large,simulated,gemini-2.0-flash-exp,large
57,003-smart_agriculture,2,"The JSON blueprint does not specify WiFi devices, while the NS-3 code has Wifi devices",0,mistral-large-2411,large,simulated,gemini-2.0-flash-exp,large
58,003-smart_agriculture,3,"The gateway location in the JSON blueprint (38.10351066811096, 13.3459399220741, 30.0) is present in NS-3 code",5,mistral-large-2411,large,simulated,gemini-2.0-flash-exp,large
59,003-smart_agriculture,3,"The LoRa endpoints locations in the JSON blueprint are not present in NS-3 code. Instead, they are generated using a disc position allocator. Although, the locations of the WiFi STA nodes and WiFi AP are correctly set according to the JSON",1,mistral-large-2411,large,simulated,gemini-2.0-flash-exp,large
60,003-smart_agriculture,4,The JSON blueprint does not specify a traffic duration or type for LoRa devices but the code use a constant packet size and period (60s),2,mistral-large-2411,large,simulated,gemini-2.0-flash-exp,large
61,003-smart_agriculture,4,The JSON blueprint does not specify a traffic duration or type for WiFi devices but the code use a constant rate and period,2,mistral-large-2411,large,simulated,gemini-2.0-flash-exp,large
62,001-smart_agriculture,1,LoRa devices number matches between JSON and NS-3 code,5,gemini-exp-1206,large,simulated,gemini-2.0-flash-exp,large
63,001-smart_agriculture,2,No WiFi devices in JSON and NS-3,5,gemini-exp-1206,large,simulated,gemini-2.0-flash-exp,large
64,001-smart_agriculture,3,Location coordinates match between JSON and NS-3,5,gemini-exp-1206,large,simulated,gemini-2.0-flash-exp,large
65,001-smart_agriculture,4,Traffic duration (1 hour) and periodic traffic match between JSON and NS-3,5,gemini-exp-1206,large,simulated,gemini-2.0-flash-exp,large
66,002-smart_agriculture,1,All 8 LoRa devices defined in JSON are present in NS-3 code,5,gemini-exp-1206,large,simulated,gemini-2.0-flash-exp,large
67,002-smart_agriculture,2,"No WiFi devices are present in the JSON and NS-3 code, match!",5,gemini-exp-1206,large,simulated,gemini-2.0-flash-exp,large
68,002-smart_agriculture,3,All location assignments match between JSON and NS-3 code,5,gemini-exp-1206,large,simulated,gemini-2.0-flash-exp,large
69,002-smart_agriculture,4,"Traffic duration is 2 hours in JSON, and 7200 seconds in NS-3 code,  Traffic type in JSON is described as sensor data, and in NS3 code is periodic traffic",5,gemini-exp-1206,large,simulated,gemini-2.0-flash-exp,large
70,003-smart_agriculture,1,LoRa devices count match,5,gemini-exp-1206,large,simulated,gemini-2.0-flash-exp,large
71,003-smart_agriculture,2,No WiFi devices in JSON and NS3,5,gemini-exp-1206,large,simulated,gemini-2.0-flash-exp,large
72,003-smart_agriculture,3,Location coordinates match,5,gemini-exp-1206,large,simulated,gemini-2.0-flash-exp,large
73,003-smart_agriculture,4,Traffic duration and type match,5,gemini-exp-1206,large,simulated,gemini-2.0-flash-exp,large
74,001-smart_agriculture,1,"The JSON blueprint specifies 5 LoRa devices, and the NS-3 code correctly creates 5 LoRa end devices.",5,gemini-2.0-flash-exp,large,simulated,gemini-2.0-flash-exp,large
75,001-smart_agriculture,2,"The JSON blueprint does not specify any WiFi devices, but NS-3 creates a 1 AP and 2 STA devices",0,gemini-2.0-flash-exp,large,simulated,gemini-2.0-flash-exp,large
76,001-smart_agriculture,3,"The JSON blueprint and NS-3 source code have a full match for gateway position. The LoRa end devices have a non-deterministic placement in the source code, but all share the same position, while the JSON blueprint defines explicit latitude/longitude for each of them.",2,gemini-2.0-flash-exp,large,simulated,gemini-2.0-flash-exp,large
77,001-smart_agriculture,4,"The JSON blueprint doesn't define traffic durations explicitly, but indicates that the experiment duration is 1 hour. The NS-3 code sends data periodically every 60 seconds for the entire simulation time (1 hour) but there is also a traffic generation on wifi for 10 secs. Since the main traffic is on LoRa, we focus on this one, and the duration matches the ""experiment_duration"" field.",4,gemini-2.0-flash-exp,large,simulated,gemini-2.0-flash-exp,large
78,002-smart_agriculture,1,LoRa devices match between JSON and NS-3,5,gemini-2.0-flash-exp,large,simulated,gemini-2.0-flash-exp,large
79,002-smart_agriculture,2,WiFi devices match between JSON and NS-3,5,gemini-2.0-flash-exp,large,simulated,gemini-2.0-flash-exp,large
80,002-smart_agriculture,3,Location assignment matches for all devices,5,gemini-2.0-flash-exp,large,simulated,gemini-2.0-flash-exp,large
81,002-smart_agriculture,4,Traffic duration is 2 hours and periodic transmission matches,5,gemini-2.0-flash-exp,large,simulated,gemini-2.0-flash-exp,large
82,003-smart_agriculture,1,LoRa devices in JSON match with the ones created in NS-3 code,5,gemini-2.0-flash-exp,large,simulated,gemini-2.0-flash-exp,large
83,003-smart_agriculture,2,"WiFi devices in JSON are not present, but WiFi devices are created in NS-3 code",0,gemini-2.0-flash-exp,large,simulated,gemini-2.0-flash-exp,large
84,003-smart_agriculture,3,"Location assignment of LoRa gateway match, but not end-devices, WiFi devices location assigned, but not from JSON",2,gemini-2.0-flash-exp,large,simulated,gemini-2.0-flash-exp,large
85,003-smart_agriculture,4,"Traffic duration in JSON is 3 hours (10800 seconds), which matches the simulation time. Traffic type is periodic, which match with NS-3",5,gemini-2.0-flash-exp,large,simulated,gemini-2.0-flash-exp,large
86,001-smart_city,1,LoRa devices number in JSON matches with NS-3 code,5,codestral-2501,large,simulated,gemini-2.0-flash-exp,large
87,001-smart_city,2,WiFi devices number in JSON matches with NS-3 code,5,codestral-2501,large,simulated,gemini-2.0-flash-exp,large
88,001-smart_city,3,Location of LoRa and WiFi nodes match between JSON and NS-3 code,5,codestral-2501,large,simulated,gemini-2.0-flash-exp,large
89,001-smart_city,4,Traffic duration and type matches between JSON and NS-3 code,5,codestral-2501,large,simulated,gemini-2.0-flash-exp,large
90,002-smart_city,1,LoRa devices count match,5,codestral-2501,large,simulated,gemini-2.0-flash-exp,large
91,002-smart_city,2,WiFi devices count match,5,codestral-2501,large,simulated,gemini-2.0-flash-exp,large
92,002-smart_city,3,Location of all devices matches,4,codestral-2501,large,simulated,gemini-2.0-flash-exp,large
93,002-smart_city,4,Traffic duration and type partially match,3,codestral-2501,large,simulated,gemini-2.0-flash-exp,large
94,003-smart_city,1,LoRa device count matches,5,codestral-2501,large,simulated,gemini-2.0-flash-exp,large
95,003-smart_city,2,WiFi device count matches,5,codestral-2501,large,simulated,gemini-2.0-flash-exp,large
96,003-smart_city,3,"Location of gateways and AP matches, but not all end devices",4,codestral-2501,large,simulated,gemini-2.0-flash-exp,large
97,003-smart_city,4,"Traffic duration and type for LoRa match, but not the WiFi",3,codestral-2501,large,simulated,gemini-2.0-flash-exp,large
98,001-smart_city,1,"No LoRa devices are present in the NS-3 code, but are defined in the JSON blueprint",0,google/codegemma-7b-it,small,simulated,gemini-2.0-flash-exp,large
99,001-smart_city,2,WiFi stations are present in both NS-3 code and the JSON blueprint,5,google/codegemma-7b-it,small,simulated,gemini-2.0-flash-exp,large
100,001-smart_city,3,"Location assignments are not present in the NS-3 code, only IP addresses are, so we cannot verify the location",0,google/codegemma-7b-it,small,simulated,gemini-2.0-flash-exp,large
101,001-smart_city,4,"Traffic duration and type are not present in the NS-3 code, so we cannot verify the traffic",0,google/codegemma-7b-it,small,simulated,gemini-2.0-flash-exp,large
102,002-smart_city,1,LoRa devices are declared in JSON but not found in NS3 code,0,google/codegemma-7b-it,small,simulated,gemini-2.0-flash-exp,large
103,002-smart_city,2,WiFi devices are declared in JSON and IP addresses are partially found in NS3 code,3,google/codegemma-7b-it,small,simulated,gemini-2.0-flash-exp,large
104,002-smart_city,3,Location information not available in NS-3 code output,0,google/codegemma-7b-it,small,simulated,gemini-2.0-flash-exp,large
105,002-smart_city,4,Traffic type and duration not available in NS-3 code output,0,google/codegemma-7b-it,small,simulated,gemini-2.0-flash-exp,large
106,003-smart_city,1,"No LoRa devices are implemented in the NS-3 code, while the blueprint contains LoRa devices",0,google/codegemma-7b-it,small,simulated,gemini-2.0-flash-exp,large
107,003-smart_city,2,"No WiFi devices are implemented in the NS-3 code, while the blueprint contains WiFi devices",0,google/codegemma-7b-it,small,simulated,gemini-2.0-flash-exp,large
108,003-smart_city,3,"No location assignments are implemented in the NS-3 code, location are contained in blueprint",0,google/codegemma-7b-it,small,simulated,gemini-2.0-flash-exp,large
109,003-smart_city,4,"No traffic generation or type are implemented in the NS-3 code, traffic is described in blueprint",0,google/codegemma-7b-it,small,simulated,gemini-2.0-flash-exp,large
110,001-smart_city,1,"No LoRa devices found in NS-3 code, while present in JSON blueprint",0,google/codegemma-7b-it,small,simulated,gemini-2.0-flash-exp,large
111,001-smart_city,2,"WiFi devices present in both JSON blueprint and NS-3 code, but mismatch in number of stations (2 in code 1 in JSON) and ip assignments",2,google/codegemma-7b-it,small,simulated,gemini-2.0-flash-exp,large
112,001-smart_city,3,Location assignment is not present in NS-3 code. No way to verify correctness,0,google/codegemma-7b-it,small,simulated,gemini-2.0-flash-exp,large
113,001-smart_city,4,Traffic flow information is not present in NS-3 code,0,google/codegemma-7b-it,small,simulated,gemini-2.0-flash-exp,large
114,002-smart_city,1,JSON blueprint defines LoRa devices but NS-3 code has no LoRa implementation,0,google/codegemma-7b-it,small,simulated,gemini-2.0-flash-exp,large
115,002-smart_city,2,"JSON blueprint defines WiFi devices and NS-3 has WiFi device IPs, but it is not sure they are correctly implemented",3,google/codegemma-7b-it,small,simulated,gemini-2.0-flash-exp,large
116,002-smart_city,3,Location assignment (coordinates) is not present in NS-3 output so unmatch,0,google/codegemma-7b-it,small,simulated,gemini-2.0-flash-exp,large
117,002-smart_city,4,"Traffic duration and type information is not present in NS-3 output, so unmatch",0,google/codegemma-7b-it,small,simulated,gemini-2.0-flash-exp,large
118,003-smart_city,1,No LoRa devices are instantiated in the NS-3 code,0,google/codegemma-7b-it,small,simulated,gemini-2.0-flash-exp,large
119,003-smart_city,2,No WiFi devices are instantiated in the NS-3 code,0,google/codegemma-7b-it,small,simulated,gemini-2.0-flash-exp,large
120,003-smart_city,3,No location information is parsed from the JSON and applied to the nodes in the NS-3 code,0,google/codegemma-7b-it,small,simulated,gemini-2.0-flash-exp,large
121,003-smart_city,4,No traffic parameters are parsed from the JSON and applied to the nodes in the NS-3 code,0,google/codegemma-7b-it,small,simulated,gemini-2.0-flash-exp,large
122,001-smart_city,1,LoRa devices are present in JSON but not configured in NS-3 code,0,codellama/CodeLlama-7b-Instruct-hf,small,simulated,gemini-2.0-flash-exp,large
123,001-smart_city,2,WiFi devices are present in JSON and corresponding module is included in NS-3,4,codellama/CodeLlama-7b-Instruct-hf,small,simulated,gemini-2.0-flash-exp,large
124,001-smart_city,3,Location assignment is not implemented in NS-3 code,0,codellama/CodeLlama-7b-Instruct-hf,small,simulated,gemini-2.0-flash-exp,large
125,001-smart_city,4,Traffic duration and type is not implemented in NS-3 code,0,codellama/CodeLlama-7b-Instruct-hf,small,simulated,gemini-2.0-flash-exp,large
126,002-smart_city,1,LoRa devices in JSON match the ones in the NS-3 code.,5,codellama/CodeLlama-7b-Instruct-hf,small,simulated,gemini-2.0-flash-exp,large
127,002-smart_city,2,WiFi devices in JSON match the ones in the NS-3 code.,5,codellama/CodeLlama-7b-Instruct-hf,small,simulated,gemini-2.0-flash-exp,large
128,002-smart_city,3,Location assignments in JSON match the ones in the NS-3 code.,5,codellama/CodeLlama-7b-Instruct-hf,small,simulated,gemini-2.0-flash-exp,large
129,002-smart_city,4,Traffic duration and type in JSON match the ones in the NS-3 code.,5,codellama/CodeLlama-7b-Instruct-hf,small,simulated,gemini-2.0-flash-exp,large
130,003-smart_city,1,LoRa devices match between blueprint and code,5,codellama/CodeLlama-7b-Instruct-hf,small,simulated,gemini-2.0-flash-exp,large
131,003-smart_city,2,WiFi devices match between blueprint and code,5,codellama/CodeLlama-7b-Instruct-hf,small,simulated,gemini-2.0-flash-exp,large
132,003-smart_city,3,Location assignments in blueprint match with the code,5,codellama/CodeLlama-7b-Instruct-hf,small,simulated,gemini-2.0-flash-exp,large
133,003-smart_city,4,Traffic types and duration match between blueprint and code,5,codellama/CodeLlama-7b-Instruct-hf,small,simulated,gemini-2.0-flash-exp,large
134,001-smart_city,1,LoRa devices number match,5,mistral-large-2411,large,simulated,gemini-2.0-flash-exp,large
135,001-smart_city,2,WiFi devices number match,5,mistral-large-2411,large,simulated,gemini-2.0-flash-exp,large
136,001-smart_city,3,"Location of LoRa devices and Gateway, and WiFi AP match, while WiFi station not fully matched",4,mistral-large-2411,large,simulated,gemini-2.0-flash-exp,large
137,001-smart_city,4,"Traffic type (periodic) and duration are partially matched, duration is 1 hour instead of 10 seconds",3,mistral-large-2411,large,simulated,gemini-2.0-flash-exp,large
138,002-smart_city,1,LoRa devices in JSON match the number of devices in the NS-3 code,5,mistral-large-2411,large,simulated,gemini-2.0-flash-exp,large
139,002-smart_city,2,WiFi devices in JSON match the number of devices in the NS-3 code,5,mistral-large-2411,large,simulated,gemini-2.0-flash-exp,large
140,002-smart_city,3,Location assignments for LoRa gateways and WiFi APs/STAs match between JSON and NS-3,5,mistral-large-2411,large,simulated,gemini-2.0-flash-exp,large
141,002-smart_city,4,Traffic duration and type for both LoRa and WiFi devices match partially,3,mistral-large-2411,large,simulated,gemini-2.0-flash-exp,large
142,003-smart_city,1,LoRa devices count in JSON (4) matches the one in NS-3 code,5,mistral-large-2411,large,simulated,gemini-2.0-flash-exp,large
143,003-smart_city,2,WiFi devices count in JSON (2 AP + 3 STA) matches the one in NS-3 code,5,mistral-large-2411,large,simulated,gemini-2.0-flash-exp,large
144,003-smart_city,3,"LoRa gateways and WiFi AP location match in JSON and NS-3, some LoRa endpoints coordinates dont match",4,mistral-large-2411,large,simulated,gemini-2.0-flash-exp,large
145,003-smart_city,4,"LoRa traffic in NS3 is constant each 60 sec, but in JSON there is also ""event based"" and ""periodic every 5 minutes"", some WiFi traffic conditions match",3,mistral-large-2411,large,simulated,gemini-2.0-flash-exp,large
146,001-smart_city,1,LoRa devices number match and are present,5,gemini-exp-1206,large,simulated,gemini-2.0-flash-exp,large
147,001-smart_city,2,WiFi devices number match and are present,5,gemini-exp-1206,large,simulated,gemini-2.0-flash-exp,large
148,001-smart_city,3,Location coordinates match for all devices,5,gemini-exp-1206,large,simulated,gemini-2.0-flash-exp,large
149,001-smart_city,4,"Traffic duration (1 hour) and type (periodic at 1min for LoRa, UDP at 1Mbps for Wifi) match",5,gemini-exp-1206,large,simulated,gemini-2.0-flash-exp,large
150,002-smart_city,1,LoRa devices number match,5,gemini-exp-1206,large,simulated,gemini-2.0-flash-exp,large
151,002-smart_city,2,WiFi devices number match,5,gemini-exp-1206,large,simulated,gemini-2.0-flash-exp,large
152,002-smart_city,3,Location assignments match for both LoRa and WiFi,5,gemini-exp-1206,large,simulated,gemini-2.0-flash-exp,large
153,002-smart_city,4,"Traffic types and duration match. note: LoRa is constant interval, but not event based. WiFi matches",4,gemini-exp-1206,large,simulated,gemini-2.0-flash-exp,large
154,003-smart_city,1,LoRa devices count match,5,gemini-exp-1206,large,simulated,gemini-2.0-flash-exp,large
155,003-smart_city,2,WiFi devices count match,5,gemini-exp-1206,large,simulated,gemini-2.0-flash-exp,large
156,003-smart_city,3,Location assignments match in both LoRa and WiFi devices,5,gemini-exp-1206,large,simulated,gemini-2.0-flash-exp,large
157,003-smart_city,4,Traffic duration and type match for both LoRa and WiFi devices,5,gemini-exp-1206,large,simulated,gemini-2.0-flash-exp,large
158,001-smart_city,1,LoRa devices match the number and presence,5,gemini-2.0-flash-exp,large,simulated,gemini-2.0-flash-exp,large
159,001-smart_city,2,WiFi devices match the number and presence,5,gemini-2.0-flash-exp,large,simulated,gemini-2.0-flash-exp,large
160,001-smart_city,3,Location of all LoRa and WiFi devices match the coordinates,5,gemini-2.0-flash-exp,large,simulated,gemini-2.0-flash-exp,large
161,001-smart_city,4,Traffic duration and type match the description,5,gemini-2.0-flash-exp,large,simulated,gemini-2.0-flash-exp,large
162,002-smart_city,1,"LoRa devices number match, but not all details (e.g., spreading factors)",3,gemini-2.0-flash-exp,large,simulated,gemini-2.0-flash-exp,large
163,002-smart_city,2,"WiFi devices number match,  all device types are present (AP and STA)",5,gemini-2.0-flash-exp,large,simulated,gemini-2.0-flash-exp,large
164,002-smart_city,3,Location assignments match,5,gemini-2.0-flash-exp,large,simulated,gemini-2.0-flash-exp,large
165,002-smart_city,4,Traffic duration and type match for LoRa and WiFi,5,gemini-2.0-flash-exp,large,simulated,gemini-2.0-flash-exp,large
166,003-smart_city,1,LoRa devices count matches,5,gemini-2.0-flash-exp,large,simulated,gemini-2.0-flash-exp,large
167,003-smart_city,2,WiFi devices count matches,5,gemini-2.0-flash-exp,large,simulated,gemini-2.0-flash-exp,large
168,003-smart_city,3,Location assignment matches for LoRa and WiFi devices,4,gemini-2.0-flash-exp,large,simulated,gemini-2.0-flash-exp,large
169,003-smart_city,4,"Traffic type matches, duration is ok, but not fully precise",4,gemini-2.0-flash-exp,large,simulated,gemini-2.0-flash-exp,large
170,001-smart_home,1,No LoRa devices in JSON and in NS3 code,5,codestral-2501,large,simulated,gemini-2.0-flash-exp,large
171,001-smart_home,2,WiFi devices in JSON and NS3 code match in number,5,codestral-2501,large,simulated,gemini-2.0-flash-exp,large
172,001-smart_home,3,Location assignment in JSON and NS3 code matches correctly,5,codestral-2501,large,simulated,gemini-2.0-flash-exp,large
173,001-smart_home,4,"Traffic duration and type in JSON and NS3 code matches mostly, TCP is not implemented",3,codestral-2501,large,simulated,gemini-2.0-flash-exp,large
174,002-smart_home,1,No LoRa devices in either blueprint or source code,5,codestral-2501,large,simulated,gemini-2.0-flash-exp,large
175,002-smart_home,2,WiFi devices in blueprint (2 APs and 7 STAs) match the source code,5,codestral-2501,large,simulated,gemini-2.0-flash-exp,large
176,002-smart_home,3,Location coordinates (relative distances) match the blueprint,5,codestral-2501,large,simulated,gemini-2.0-flash-exp,large
177,002-smart_home,4,"Traffic durations, types and start times for each station match source code.",5,codestral-2501,large,simulated,gemini-2.0-flash-exp,large
178,003-smart_home,1,No LoRa devices in both JSON and NS-3 code,5,codestral-2501,large,simulated,gemini-2.0-flash-exp,large
179,003-smart_home,2,"WiFi devices in JSON (1 AP, 7 stations) match NS-3 code (1 AP, 7 stations)",5,codestral-2501,large,simulated,gemini-2.0-flash-exp,large
180,003-smart_home,3,Location assignments in JSON match with the one set in NS-3 for each device,5,codestral-2501,large,simulated,gemini-2.0-flash-exp,large
181,003-smart_home,4,"Traffic duration and type in JSON match duration and type (TCP/UDP) in NS-3 code, although throughput in JSON is max/fixed and NS-3 set a fixed bitrate.  ",4,codestral-2501,large,simulated,gemini-2.0-flash-exp,large
182,001-smart_home,1,No LoRa devices in JSON and NS-3 code,5,google/codegemma-7b-it,small,simulated,gemini-2.0-flash-exp,large
183,001-smart_home,2,"JSON defines 4 WiFi stations, NS-3 code shows only 2 WiFi stations IP addresses ",1,google/codegemma-7b-it,small,simulated,gemini-2.0-flash-exp,large
184,001-smart_home,3,NS-3 code does not provide any location information,0,google/codegemma-7b-it,small,simulated,gemini-2.0-flash-exp,large
185,001-smart_home,4,NS-3 code does not provide any traffic information,0,google/codegemma-7b-it,small,simulated,gemini-2.0-flash-exp,large
186,002-smart_home,1,No LoRa devices are present in JSON and NS-3,5,google/codegemma-7b-it,small,simulated,gemini-2.0-flash-exp,large
187,002-smart_home,2,"JSON contains 7 WiFi stations, NS-3 has 2 stations. The match is partial, but the stations are WiFi",1,google/codegemma-7b-it,small,simulated,gemini-2.0-flash-exp,large
188,002-smart_home,3,Location information is not present in NS-3 output,0,google/codegemma-7b-it,small,simulated,gemini-2.0-flash-exp,large
189,002-smart_home,4,Traffic data not present in NS-3 output,0,google/codegemma-7b-it,small,simulated,gemini-2.0-flash-exp,large
190,003-smart_home,1,"No LoRa devices defined in JSON blueprint, match with source code",5,google/codegemma-7b-it,small,simulated,gemini-2.0-flash-exp,large
191,003-smart_home,2,"Only 2 wifi station are configured in ns3 source code, JSON blueprint has 7 WiFi stations",1,google/codegemma-7b-it,small,simulated,gemini-2.0-flash-exp,large
192,003-smart_home,3,Location assignment is not possible to check since not provided from NS3 source code,0,google/codegemma-7b-it,small,simulated,gemini-2.0-flash-exp,large
193,003-smart_home,4,"Traffic configuration in source code is not possible to check, traffic is not present in NS-3 source code",0,google/codegemma-7b-it,small,simulated,gemini-2.0-flash-exp,large
194,001-smart_home,1,No LoRa devices in JSON and NS-3,5,google/codegemma-7b-it,small,simulated,gemini-2.0-flash-exp,large
195,001-smart_home,2,WiFi devices in JSON (4 stations) do not match with NS-3 (2 stations) that should have IP 192.168.1.103 and 192.168.1.102,0,google/codegemma-7b-it,small,simulated,gemini-2.0-flash-exp,large
196,001-smart_home,3,Location is not specified in the NS-3 code provided,0,google/codegemma-7b-it,small,simulated,gemini-2.0-flash-exp,large
197,001-smart_home,4,Traffic duration and type are not present in the NS-3 output,0,google/codegemma-7b-it,small,simulated,gemini-2.0-flash-exp,large
198,002-smart_home,1,No LoRa devices in JSON and NS3,5,google/codegemma-7b-it,small,simulated,gemini-2.0-flash-exp,large
199,002-smart_home,2,"JSON contains 7 Wifi Stations, NS-3 has 2 IPs assigned",1,google/codegemma-7b-it,small,simulated,gemini-2.0-flash-exp,large
200,002-smart_home,3,No location info in NS-3,0,google/codegemma-7b-it,small,simulated,gemini-2.0-flash-exp,large
201,002-smart_home,4,No traffic info in NS-3,0,google/codegemma-7b-it,small,simulated,gemini-2.0-flash-exp,large
202,003-smart_home,1,"No LoRa devices are present in JSON, so match is fullfilled",5,google/codegemma-7b-it,small,simulated,gemini-2.0-flash-exp,large
203,003-smart_home,2,The JSON specifies 7 WiFi stations while the NS-3 code shows only 2 IPs,2,google/codegemma-7b-it,small,simulated,gemini-2.0-flash-exp,large
204,003-smart_home,3,Location information present in JSON not present in NS-3 code,0,google/codegemma-7b-it,small,simulated,gemini-2.0-flash-exp,large
205,003-smart_home,4,Traffic duration and type are defined in JSON but not present in NS-3 code,0,google/codegemma-7b-it,small,simulated,gemini-2.0-flash-exp,large
206,001-smart_home,1,No LoRa devices in JSON and NS-3 code,5,codellama/CodeLlama-7b-Instruct-hf,small,simulated,gemini-2.0-flash-exp,large
207,001-smart_home,2,WiFi devices match in JSON and NS-3 code,5,codellama/CodeLlama-7b-Instruct-hf,small,simulated,gemini-2.0-flash-exp,large
208,001-smart_home,3,Locations not available in NS-3 code,0,codellama/CodeLlama-7b-Instruct-hf,small,simulated,gemini-2.0-flash-exp,large
209,001-smart_home,4,Traffic duration/type not available in NS-3 code,0,codellama/CodeLlama-7b-Instruct-hf,small,simulated,gemini-2.0-flash-exp,large
210,002-smart_home,1,"No LoRa devices in JSON, NS-3 code includes LoRa modules, unmatch",0,codellama/CodeLlama-7b-Instruct-hf,small,simulated,gemini-2.0-flash-exp,large
211,002-smart_home,2,"WiFi devices present in JSON, NS-3 code includes WiFi modules, match",5,codellama/CodeLlama-7b-Instruct-hf,small,simulated,gemini-2.0-flash-exp,large
212,002-smart_home,3,"Location is defined in JSON file as string (not coordinates), NS-3 code does not have coordinates, unmatch",0,codellama/CodeLlama-7b-Instruct-hf,small,simulated,gemini-2.0-flash-exp,large
213,002-smart_home,4,"Traffic duration and type defined in JSON, NS-3 code has no traffic definition, unmatch",0,codellama/CodeLlama-7b-Instruct-hf,small,simulated,gemini-2.0-flash-exp,large
214,003-smart_home,1,"No LoRa devices in NS-3 code, but none in JSON blueprint",5,codellama/CodeLlama-7b-Instruct-hf,small,simulated,gemini-2.0-flash-exp,large
215,003-smart_home,2,WiFi devices are present in both JSON and NS-3 code,5,codellama/CodeLlama-7b-Instruct-hf,small,simulated,gemini-2.0-flash-exp,large
216,003-smart_home,3,"Location assignment (distance) is not directly coded in NS-3, only distance from the AP is in the JSON",0,codellama/CodeLlama-7b-Instruct-hf,small,simulated,gemini-2.0-flash-exp,large
217,003-smart_home,4,"Traffic duration and type are defined in JSON blueprint, but there are no definition of traffic duration and type in NS-3 SOURCE CODE",0,codellama/CodeLlama-7b-Instruct-hf,small,simulated,gemini-2.0-flash-exp,large
218,001-smart_home,1,"LoRa devices are present in the NS-3 code, but not defined in JSON blueprint",0,mistral-large-2411,large,simulated,gemini-2.0-flash-exp,large
219,001-smart_home,2,WiFi devices are present in both NS-3 code and JSON blueprint,5,mistral-large-2411,large,simulated,gemini-2.0-flash-exp,large
220,001-smart_home,3,Location assignments for both LoRa gateways and WiFi stations are roughly matching,4,mistral-large-2411,large,simulated,gemini-2.0-flash-exp,large
221,001-smart_home,4,Traffic duration and type for WiFi stations in JSON blueprint are matching with the NS-3 code,5,mistral-large-2411,large,simulated,gemini-2.0-flash-exp,large
222,002-smart_home,1,"No LoRa devices specified in the JSON blueprint, hence it's matching with NS-3 code",5,mistral-large-2411,large,simulated,gemini-2.0-flash-exp,large
223,002-smart_home,2,WiFi devices in JSON blueprint and NS-3 code match in number and type,5,mistral-large-2411,large,simulated,gemini-2.0-flash-exp,large
224,002-smart_home,3,Location assignments match between JSON blueprint and NS-3 code via the distance from the AP,5,mistral-large-2411,large,simulated,gemini-2.0-flash-exp,large
225,002-smart_home,4,"Traffic duration and type match between JSON blueprint and NS-3 code (duration 2700, 1800, 1500, 300, 1800, 1200 and type TCP, UDP, TCP, UDP, TCP, UDP, TCP respectively, considering that NS3 code use an onoff app, duration is deduced by start and stop times)",5,mistral-large-2411,large,simulated,gemini-2.0-flash-exp,large
226,003-smart_home,1,No LoRa devices in JSON and NS3,5,mistral-large-2411,large,simulated,gemini-2.0-flash-exp,large
227,003-smart_home,2,WiFi devices number match,5,mistral-large-2411,large,simulated,gemini-2.0-flash-exp,large
228,003-smart_home,3,Location of wifi devices matches,5,mistral-large-2411,large,simulated,gemini-2.0-flash-exp,large
229,003-smart_home,4,Traffic duration and type match,5,mistral-large-2411,large,simulated,gemini-2.0-flash-exp,large
230,001-smart_home,1,No LoRa devices are present in both JSON and NS-3 code,5,gemini-exp-1206,large,simulated,gemini-2.0-flash-exp,large
231,001-smart_home,2,"WiFi devices in JSON match those in NS-3 code (4 STAs, 1 AP)",5,gemini-exp-1206,large,simulated,gemini-2.0-flash-exp,large
232,001-smart_home,3,Location assignment in JSON (distances from AP) is correctly translated to coordinates in NS-3 code,5,gemini-exp-1206,large,simulated,gemini-2.0-flash-exp,large
233,001-smart_home,4,"Traffic durations, types (TCP/UDP), and start times match in JSON and NS-3",5,gemini-exp-1206,large,simulated,gemini-2.0-flash-exp,large
234,002-smart_home,1,No LoRa devices in JSON and NS3,5,gemini-exp-1206,large,simulated,gemini-2.0-flash-exp,large
235,002-smart_home,2,WiFi devices in JSON match with devices in NS3,5,gemini-exp-1206,large,simulated,gemini-2.0-flash-exp,large
236,002-smart_home,3,Location (distance) of nodes in JSON match the coordinates in NS3,5,gemini-exp-1206,large,simulated,gemini-2.0-flash-exp,large
237,002-smart_home,4,Traffic duration and type for each station in JSON match the NS3 configuration,5,gemini-exp-1206,large,simulated,gemini-2.0-flash-exp,large
238,003-smart_home,1,No LoRa devices in blueprint or source code,5,gemini-exp-1206,large,simulated,gemini-2.0-flash-exp,large
239,003-smart_home,2,WiFi devices count match and are present both in blueprint and source code,5,gemini-exp-1206,large,simulated,gemini-2.0-flash-exp,large
240,003-smart_home,3,"Location assignment matches, with some small differences in blueprint (distance) and source-code (coordinates)",4,gemini-exp-1206,large,simulated,gemini-2.0-flash-exp,large
241,003-smart_home,4,"Traffic duration and type match, throughput is mapped with datarate with some differences (max throughput)",4,gemini-exp-1206,large,simulated,gemini-2.0-flash-exp,large
242,001-smart_home,1,"No LoRa devices specified in JSON blueprint, but LoRa code present",0,gemini-2.0-flash-exp,large,simulated,gemini-2.0-flash-exp,large
243,001-smart_home,2,WiFi devices count and configuration match,5,gemini-2.0-flash-exp,large,simulated,gemini-2.0-flash-exp,large
244,001-smart_home,3,"Location assignment for WiFi AP and STAs is present in the code, but the distances specified in the JSON are not directly used in the NS3 location assignment.",3,gemini-2.0-flash-exp,large,simulated,gemini-2.0-flash-exp,large
245,001-smart_home,4,Traffic duration and type match but not the trasmission rate at maximum throughput for ST-001 and SLB-001,4,gemini-2.0-flash-exp,large,simulated,gemini-2.0-flash-exp,large
246,002-smart_home,1,"JSON has no LoRa devices, NS-3 code has LoRa devices",0,gemini-2.0-flash-exp,large,simulated,gemini-2.0-flash-exp,large
247,002-smart_home,2,WiFi devices match in type and number,5,gemini-2.0-flash-exp,large,simulated,gemini-2.0-flash-exp,large
248,002-smart_home,3,"Location assignment matches, considering relative distance in JSON",5,gemini-2.0-flash-exp,large,simulated,gemini-2.0-flash-exp,large
249,002-smart_home,4,Traffic duration and type matches for all the devices ,5,gemini-2.0-flash-exp,large,simulated,gemini-2.0-flash-exp,large
250,003-smart_home,1,LoRa devices are present in the NS-3 code and no configuration is missing from JSON,5,gemini-2.0-flash-exp,large,simulated,gemini-2.0-flash-exp,large
251,003-smart_home,2,WiFi devices are present in both JSON and NS-3 code,5,gemini-2.0-flash-exp,large,simulated,gemini-2.0-flash-exp,large
252,003-smart_home,3,Location assignment matches in both sides using ListPositionAllocator for Gateways and WiFi AP and all the WiFi stations are deployed on a specific location,5,gemini-2.0-flash-exp,large,simulated,gemini-2.0-flash-exp,large
253,003-smart_home,4,"Traffic duration, throughput and type (TCP/UDP) are present and correctly implemented for WiFi stations",5,gemini-2.0-flash-exp,large,simulated,gemini-2.0-flash-exp,large
