,scenario,id_feature,short_clear_motivation,suggest_correction,score,model_name,model_size,environment,model_name_understanding,model_size_understanding
0,001-smart_agriculture,0,NS-3 SOURCE CODE is C++ NS3 code with a main function.,No correction needed.,100.0,codestral-2501,large,simulated,gemini-2.0-flash-thinking-exp-01-21,large
1,001-smart_agriculture,1,LoRa device count in JSON (5) matches count in NS-3 code (5).,No correction needed.,100.0,codestral-2501,large,simulated,gemini-2.0-flash-thinking-exp-01-21,large
2,001-smart_agriculture,2,"WiFi devices are not defined in JSON blueprint, but 3 WiFi devices (1 AP, 2 STA) are implemented in NS-3 code.",Remove WiFi device implementation from NS-3 code or add WiFi device definitions in JSON blueprint.,0.0,codestral-2501,large,simulated,gemini-2.0-flash-thinking-exp-01-21,large
3,001-smart_agriculture,3,"Location coordinates for LoRa devices in NS-3 code do not match the coordinates in JSON blueprint. NS-3 code uses UniformDiscPositionAllocator, while JSON specifies fixed coordinates.",Modify NS-3 code to use ListPositionAllocator and set coordinates according to JSON blueprint for LoRa devices.,0.0,codestral-2501,large,simulated,gemini-2.0-flash-thinking-exp-01-21,large
4,001-smart_agriculture,4,Traffic duration (1 hour) and periodic traffic type in NS-3 code match the implicit requirements of the JSON blueprint.,No correction needed.,100.0,codestral-2501,large,simulated,gemini-2.0-flash-thinking-exp-01-21,large
5,002-smart_agriculture,0,NS-3 SOURCE CODE is valid C++ with main function,No correction needed,100.0,codestral-2501,large,simulated,gemini-2.0-flash-thinking-exp-01-21,large
6,002-smart_agriculture,1,"LoRa device counts mismatch between JSON blueprint (9) and NS-3 code (8). JSON defines 8 endpoints and 1 gateway, totaling 9 LoRa devices. NS-3 code defines 7 end devices and 1 gateway, totaling 8 LoRa devices.",Update the NS-3 code to create 8 end devices to match the 9 LoRa devices defined in the JSON blueprint (8 endpoints + 1 gateway).,0.0,codestral-2501,large,simulated,gemini-2.0-flash-thinking-exp-01-21,large
7,002-smart_agriculture,2,"No WiFi devices are declared in the JSON blueprint, and NS-3 code does not implement WiFi devices, although WiFi headers are included.",Remove unused WiFi related headers from NS-3 code to align with the blueprint if WiFi is not intended.,100.0,codestral-2501,large,simulated,gemini-2.0-flash-thinking-exp-01-21,large
8,002-smart_agriculture,3,"Device locations mismatch. Gateway location in NS-3 code is slightly different from JSON, and endpoint devices are randomly positioned in a disc instead of using the coordinates specified in the JSON blueprint.",Update the NS-3 code to use ListPositionAllocator for end devices and specify the coordinates from the JSON blueprint for each device. Correct gateway coordinates to match JSON exactly.,0.0,codestral-2501,large,simulated,gemini-2.0-flash-thinking-exp-01-21,large
9,002-smart_agriculture,4,"Traffic duration and type match the JSON blueprint. The simulation duration is set to 7200 seconds (2 hours) as specified in the blueprint, and periodic data transmission is implemented.",No correction needed for traffic duration and type. Consider adding configuration for transmission rates as specified for some devices in the JSON blueprint if required for detailed simulation.,100.0,codestral-2501,large,simulated,gemini-2.0-flash-thinking-exp-01-21,large
10,003-smart_agriculture,0,NS-3 code is valid C++ with main function,No correction needed,100.0,codestral-2501,large,simulated,gemini-2.0-flash-thinking-exp-01-21,large
11,003-smart_agriculture,1,"JSON blueprint defines 12 LoRa devices (1 gateway + 11 endpoints), but NS-3 code defines 11 (1 gateway + 10 end devices).",Adjust 'nDevices' in NS-3 code to 11 to match the JSON blueprint.,60.0,codestral-2501,large,simulated,gemini-2.0-flash-thinking-exp-01-21,large
12,003-smart_agriculture,2,"JSON blueprint does not define WiFi devices, but NS-3 code includes 1 AP and 2 STA WiFi nodes.",Remove WiFi configuration from NS-3 code or add WiFi devices to the JSON blueprint.,0.0,codestral-2501,large,simulated,gemini-2.0-flash-thinking-exp-01-21,large
13,003-smart_agriculture,3,Gateway coordinates are slightly different. Endpoint coordinates are not explicitly set from JSON blueprint and are randomly distributed within a disc.,Implement coordinate assignment for endpoints from JSON blueprint. Correct gateway coordinates to match JSON precisely.,40.0,codestral-2501,large,simulated,gemini-2.0-flash-thinking-exp-01-21,large
14,003-smart_agriculture,4,"Simulation duration matches the JSON blueprint (3 hours). LoRa traffic is periodic, which is consistent with sensor data implied in the scenario.","For better clarity, explicitly define traffic type and data rates in JSON blueprint.",60.0,codestral-2501,large,simulated,gemini-2.0-flash-thinking-exp-01-21,large
15,001-smart_agriculture,0,"NS-3 SOURCE CODE is not a valid C++ NS-3 code with a main function, it is a JSON.",Generate a valid C++ NS-3 code with a main function based on the JSON blueprint.,0.0,google/codegemma-7b-it,small,simulated,gemini-2.0-flash-thinking-exp-01-21,large
16,001-smart_agriculture,1,"Feature 0 score is 0, all subsequent features are automatically scored 0.",Generate a valid C++ NS-3 code first.,0.0,google/codegemma-7b-it,small,simulated,gemini-2.0-flash-thinking-exp-01-21,large
17,001-smart_agriculture,2,"Feature 0 score is 0, all subsequent features are automatically scored 0.",Generate a valid C++ NS-3 code first.,0.0,google/codegemma-7b-it,small,simulated,gemini-2.0-flash-thinking-exp-01-21,large
18,001-smart_agriculture,3,"Feature 0 score is 0, all subsequent features are automatically scored 0.",Generate a valid C++ NS-3 code first.,0.0,google/codegemma-7b-it,small,simulated,gemini-2.0-flash-thinking-exp-01-21,large
19,001-smart_agriculture,4,"Feature 0 score is 0, all subsequent features are automatically scored 0.",Generate a valid C++ NS-3 code first.,0.0,google/codegemma-7b-it,small,simulated,gemini-2.0-flash-thinking-exp-01-21,large
20,002-smart_agriculture,0,NS-3 SOURCE-CODE is not a valid C++/NS-3 code with a main function.,Generate valid C++/NS-3 code with a main function.,0.0,google/codegemma-7b-it,small,simulated,gemini-2.0-flash-thinking-exp-01-21,large
21,002-smart_agriculture,1,"JSON BLUEPRINT defines 9 LoRa devices, but NS-3 SOURCE-CODE does not implement LoRa devices and is not valid C++ code.",Implement LoRa devices in NS-3 SOURCE-CODE according to JSON BLUEPRINT and ensure valid C++ code.,0.0,google/codegemma-7b-it,small,simulated,gemini-2.0-flash-thinking-exp-01-21,large
22,002-smart_agriculture,2,"JSON BLUEPRINT does not define WiFi devices, but NS-3 SOURCE-CODE implies 2 WiFi devices and is not valid C++ code.",Implement WiFi devices in NS-3 SOURCE-CODE according to JSON BLUEPRINT or remove WiFi devices if not intended and ensure valid C++ code.,0.0,google/codegemma-7b-it,small,simulated,gemini-2.0-flash-thinking-exp-01-21,large
23,002-smart_agriculture,3,"JSON BLUEPRINT defines coordinates for LoRa devices, but NS-3 SOURCE-CODE does not include location information and is not valid C++ code.",Implement location coordinates for devices in NS-3 SOURCE-CODE according to JSON BLUEPRINT and ensure valid C++ code.,0.0,google/codegemma-7b-it,small,simulated,gemini-2.0-flash-thinking-exp-01-21,large
24,002-smart_agriculture,4,"JSON BLUEPRINT defines test duration and traffic types, but NS-3 SOURCE-CODE does not include traffic duration or type information and is not valid C++ code.",Implement traffic duration and type in NS-3 SOURCE-CODE according to JSON BLUEPRINT and ensure valid C++ code.,0.0,google/codegemma-7b-it,small,simulated,gemini-2.0-flash-thinking-exp-01-21,large
25,003-smart_agriculture,0,NS-3 SOURCE CODE is not a valid C++ NS-3 code with a main function,Generate a complete and valid C++ NS-3 code with a main function,0.0,google/codegemma-7b-it,small,simulated,gemini-2.0-flash-thinking-exp-01-21,large
26,003-smart_agriculture,1,"JSON BLUEPRINT defines 12 LoRa devices (1 gateway, 11 endpoints), but NS-3 SOURCE CODE does not implement LoRa at all. NS-3 code does not implement LoRa devices.",Implement LoRa devices in the NS-3 code according to the JSON BLUEPRINT.,0.0,google/codegemma-7b-it,small,simulated,gemini-2.0-flash-thinking-exp-01-21,large
27,003-smart_agriculture,2,"JSON BLUEPRINT does not explicitly declare WiFi devices, but NS-3 SOURCE CODE uses 2 WiFi station nodes. WiFi usage is not declared in JSON and number of devices does not match (0 in JSON vs 2 in NS3).","Align WiFi device usage with the JSON BLUEPRINT. If WiFi is needed, declare it in the JSON and implement it in NS-3 accordingly. If not needed, remove WiFi from NS-3 code.",0.0,google/codegemma-7b-it,small,simulated,gemini-2.0-flash-thinking-exp-01-21,large
28,003-smart_agriculture,3,NS-3 SOURCE CODE does not contain location coordinates for devices. Location coordinates are not implemented in NS-3 code.,Implement location coordinates for devices in the NS-3 code based on the JSON BLUEPRINT.,0.0,google/codegemma-7b-it,small,simulated,gemini-2.0-flash-thinking-exp-01-21,large
29,003-smart_agriculture,4,NS-3 SOURCE CODE does not contain traffic duration and type information. Traffic simulation parameters are not implemented in NS-3 code.,Implement traffic simulation with duration and type as defined in the JSON BLUEPRINT in the NS-3 code.,0.0,google/codegemma-7b-it,small,simulated,gemini-2.0-flash-thinking-exp-01-21,large
30,001-smart_agriculture,0,NS-3 code does not contain main function and implementation.,Add main function and NS-3 simulation implementation.,0.0,codellama/CodeLlama-7b-Instruct-hf,small,simulated,gemini-2.0-flash-thinking-exp-01-21,large
31,001-smart_agriculture,1,NS-3 code is not a valid NS-3 C++ code with main function. Feature 0 is unmatched.,Correct Feature 0 first by adding main function and NS-3 simulation implementation.,0.0,codellama/CodeLlama-7b-Instruct-hf,small,simulated,gemini-2.0-flash-thinking-exp-01-21,large
32,001-smart_agriculture,2,NS-3 code is not a valid NS-3 C++ code with main function. Feature 0 is unmatched.,Correct Feature 0 first by adding main function and NS-3 simulation implementation.,0.0,codellama/CodeLlama-7b-Instruct-hf,small,simulated,gemini-2.0-flash-thinking-exp-01-21,large
33,001-smart_agriculture,3,NS-3 code is not a valid NS-3 C++ code with main function. Feature 0 is unmatched.,Correct Feature 0 first by adding main function and NS-3 simulation implementation.,0.0,codellama/CodeLlama-7b-Instruct-hf,small,simulated,gemini-2.0-flash-thinking-exp-01-21,large
34,001-smart_agriculture,4,NS-3 code is not a valid NS-3 C++ code with main function. Feature 0 is unmatched.,Correct Feature 0 first by adding main function and NS-3 simulation implementation.,0.0,codellama/CodeLlama-7b-Instruct-hf,small,simulated,gemini-2.0-flash-thinking-exp-01-21,large
35,002-smart_agriculture,0,NS-3 code does not contain main function.,Add a main function to the NS-3 code.,0.0,codellama/CodeLlama-7b-Instruct-hf,small,simulated,gemini-2.0-flash-thinking-exp-01-21,large
36,002-smart_agriculture,1,"JSON defines 9 LoRa devices, NS-3 code includes LoRa modules but lacks implementation and main function.",Implement LoRa devices in NS-3 code according to JSON blueprint.,0.0,codellama/CodeLlama-7b-Instruct-hf,small,simulated,gemini-2.0-flash-thinking-exp-01-21,large
37,002-smart_agriculture,2,"JSON defines 0 WiFi devices, NS-3 code includes WiFi modules but lacks implementation and main function.",Remove WiFi modules from NS-3 code if not required or implement WiFi devices as per blueprint.,0.0,codellama/CodeLlama-7b-Instruct-hf,small,simulated,gemini-2.0-flash-thinking-exp-01-21,large
38,002-smart_agriculture,3,"JSON defines device locations, NS-3 code does not implement device locations and lacks main function.",Implement device locations in NS-3 code as defined in JSON blueprint.,0.0,codellama/CodeLlama-7b-Instruct-hf,small,simulated,gemini-2.0-flash-thinking-exp-01-21,large
39,002-smart_agriculture,4,"JSON defines traffic duration and type, NS-3 code does not implement traffic and lacks main function.",Implement traffic duration and type in NS-3 code as defined in JSON blueprint.,0.0,codellama/CodeLlama-7b-Instruct-hf,small,simulated,gemini-2.0-flash-thinking-exp-01-21,large
40,003-smart_agriculture,0,NS-3 code does not contain a main function,Add a main function to the NS-3 code,0.0,codellama/CodeLlama-7b-Instruct-hf,small,simulated,gemini-2.0-flash-thinking-exp-01-21,large
41,003-smart_agriculture,1,"LoRa counts mismatch, JSON defines 12 LoRa devices, NS-3 code does not implement LoRa functionality",Implement LoRa devices in the NS-3 code according to the JSON blueprint,0.0,codellama/CodeLlama-7b-Instruct-hf,small,simulated,gemini-2.0-flash-thinking-exp-01-21,large
42,003-smart_agriculture,2,"WiFi usage mismatch, JSON does not define WiFi devices, NS-3 code includes WiFi modules",Remove WiFi modules from NS-3 code or define WiFi devices in the JSON blueprint,0.0,codellama/CodeLlama-7b-Instruct-hf,small,simulated,gemini-2.0-flash-thinking-exp-01-21,large
43,003-smart_agriculture,3,Location coordinates cannot be matched because the base code is invalid,Implement device location according to JSON blueprint in the NS-3 code after fixing the base code,0.0,codellama/CodeLlama-7b-Instruct-hf,small,simulated,gemini-2.0-flash-thinking-exp-01-21,large
44,003-smart_agriculture,4,Traffic duration and type cannot be matched because the base code is invalid,Implement traffic duration and type according to JSON blueprint in the NS-3 code after fixing the base code,0.0,codellama/CodeLlama-7b-Instruct-hf,small,simulated,gemini-2.0-flash-thinking-exp-01-21,large
45,001-smart_agriculture,0,NS-3 SOURCE CODE is C++/NS-3 with a main function.,No correction needed.,100.0,mistral-large-2411,large,simulated,gemini-2.0-flash-thinking-exp-01-21,large
46,001-smart_agriculture,1,"LoRa devices count match (6 in JSON, 6 in code).",No correction needed.,100.0,mistral-large-2411,large,simulated,gemini-2.0-flash-thinking-exp-01-21,large
47,001-smart_agriculture,2,"WiFi devices count unmatch. JSON Blueprint does not declare WiFi devices, but NS-3 SOURCE-CODE uses WiFi.",Remove WiFi devices from the code or add WiFi devices in JSON blueprint.,0.0,mistral-large-2411,large,simulated,gemini-2.0-flash-thinking-exp-01-21,large
48,001-smart_agriculture,3,Location coordinates unmatch for LoRa devices. LoRa device coordinates are not explicitly set according to JSON blueprint.,"Set LoRa device coordinates according to JSON blueprint, aligning with the specified latitude and longitude.",0.0,mistral-large-2411,large,simulated,gemini-2.0-flash-thinking-exp-01-21,large
49,001-smart_agriculture,4,"Traffic type partially match, but due to previous feature score 0, score is set to 0.","Due to previous feature score 0, address the WiFi and Location mismatches first.",0.0,mistral-large-2411,large,simulated,gemini-2.0-flash-thinking-exp-01-21,large
50,002-smart_agriculture,0,NS-3 SOURCE CODE is C++/NS-3 with a main function,No correction needed,100.0,mistral-large-2411,large,simulated,gemini-2.0-flash-thinking-exp-01-21,large
51,002-smart_agriculture,1,LoRa device counts match Blueprint (9 LoRa devices in Blueprint and 9 in NS-3 code: 1 Gateway and 8 End Devices),No correction needed,100.0,mistral-large-2411,large,simulated,gemini-2.0-flash-thinking-exp-01-21,large
52,002-smart_agriculture,2,"WiFi devices count mismatch. Blueprint does not declare WiFi devices, but NS-3 code uses WiFi",Remove WiFi configuration from NS-3 code if not required by blueprint,0.0,mistral-large-2411,large,simulated,gemini-2.0-flash-thinking-exp-01-21,large
53,002-smart_agriculture,3,Location coordinates mismatch for end devices. End devices coordinates are not set in NS-3 code to match Blueprint coordinates,Implement coordinate setting for end devices in NS-3 code based on Blueprint,0.0,mistral-large-2411,large,simulated,gemini-2.0-flash-thinking-exp-01-21,large
54,002-smart_agriculture,4,"Traffic duration and type match Blueprint (2 hours simulation, periodic traffic)",No correction needed,100.0,mistral-large-2411,large,simulated,gemini-2.0-flash-thinking-exp-01-21,large
55,003-smart_agriculture,0,NS-3 code with main function is present,No correction needed,100.0,mistral-large-2411,large,simulated,gemini-2.0-flash-thinking-exp-01-21,large
56,003-smart_agriculture,1,"LoRa device counts match blueprint (1 GW, 11 EDs)",No correction needed,100.0,mistral-large-2411,large,simulated,gemini-2.0-flash-thinking-exp-01-21,large
57,003-smart_agriculture,2,"JSON blueprint does not declare WiFi devices, but NS-3 code uses WiFi",Remove WiFi devices from NS-3 code or add WiFi devices to JSON blueprint,0.0,mistral-large-2411,large,simulated,gemini-2.0-flash-thinking-exp-01-21,large
58,003-smart_agriculture,3,"LoRa endpoint locations are not matched, WiFi AP altitude is different",Implement location coordinates from JSON blueprint for all devices,0.0,mistral-large-2411,large,simulated,gemini-2.0-flash-thinking-exp-01-21,large
59,003-smart_agriculture,4,"LoRa traffic duration matches, WiFi traffic duration is very short compared to scenario duration",Adjust WiFi traffic duration to match the scenario or blueprint if specified,40.0,mistral-large-2411,large,simulated,gemini-2.0-flash-thinking-exp-01-21,large
60,001-smart_agriculture,0,Valid NS-3 C++ code with main function.,No correction needed.,100.0,gemini-exp-1206,large,simulated,gemini-2.0-flash-thinking-exp-01-21,large
61,001-smart_agriculture,1,LoRa device count in JSON blueprint (6) matches the count in NS-3 code (6).,No correction needed.,100.0,gemini-exp-1206,large,simulated,gemini-2.0-flash-thinking-exp-01-21,large
62,001-smart_agriculture,2,"JSON blueprint does not define WiFi devices, and NS-3 code does not explicitly create WiFi devices, focusing on LoRa.","No correction needed. If WiFi was intended, add WiFi device definitions in both blueprint and code.",100.0,gemini-exp-1206,large,simulated,gemini-2.0-flash-thinking-exp-01-21,large
63,001-smart_agriculture,3,"Location coordinates for Gateway and End Devices in NS-3 code mostly match the JSON blueprint. Z coordinate for end devices in code is 1.2 while not specified in blueprint, but X and Y coordinates match.",Align Z-coordinate for end devices in NS-3 code with blueprint or clarify expected Z-coordinate handling if not explicitly specified.,80.0,gemini-exp-1206,large,simulated,gemini-2.0-flash-thinking-exp-01-21,large
64,001-smart_agriculture,4,Traffic duration (1 hour) and periodic traffic type in NS-3 code match the experiment duration and implicit traffic type (sensor data sending) described in JSON blueprint.,"No correction needed. For more complex traffic types, explicitly define them in the blueprint and implement in code.",100.0,gemini-exp-1206,large,simulated,gemini-2.0-flash-thinking-exp-01-21,large
65,002-smart_agriculture,0,NS-3 SOURCE CODE is C++ with a main function.,No correction needed,100.0,gemini-exp-1206,large,simulated,gemini-2.0-flash-thinking-exp-01-21,large
66,002-smart_agriculture,1,LoRa counts match. JSON Blueprint defines 1 Gateway and 8 Endpoints (Total 9 LoRa devices). NS-3 code defines nGateways=1 and nDevices=8 (Total 9 LoRa devices).,No correction needed,100.0,gemini-exp-1206,large,simulated,gemini-2.0-flash-thinking-exp-01-21,large
67,002-smart_agriculture,2,"WiFi devices count mismatch. JSON Blueprint does not explicitly declare WiFi devices, but NS-3 code uses 1 Access Point and 2 Station nodes.",Remove WiFi implementation from NS-3 code or add WiFi devices to JSON blueprint if intended.,0.0,gemini-exp-1206,large,simulated,gemini-2.0-flash-thinking-exp-01-21,large
68,002-smart_agriculture,3,"Location coordinates for LoRa Gateway match, but mismatch for LoRa End Devices and WiFi devices. First 5 LoRa End Devices in NS-3 code share the same location, different from next 3. WiFi AP and STA locations are defined in code but not in JSON.",Review and align device locations in NS-3 code with the intended locations from the JSON blueprint or adjust the blueprint to match the code.,40.0,gemini-exp-1206,large,simulated,gemini-2.0-flash-thinking-exp-01-21,large
69,002-smart_agriculture,4,"Traffic duration matches (7200 seconds in both). Traffic type is periodic data transmission, which aligns with the sensor data context in JSON and PeriodicSenderHelper in NS-3 code for LoRa. For WiFi, OnOffHelper suggests constant rate traffic, which could represent continuous data stream, but details are not in JSON.",Clarify traffic type and patterns in JSON blueprint for both LoRa and WiFi to ensure alignment with NS-3 code. Specify data rate and packet size requirements in JSON.,80.0,gemini-exp-1206,large,simulated,gemini-2.0-flash-thinking-exp-01-21,large
70,003-smart_agriculture,0,NS-3 C++ code with main function is present.,No correction needed.,100.0,gemini-exp-1206,large,simulated,gemini-2.0-flash-thinking-exp-01-21,large
71,003-smart_agriculture,1,LoRa counts match blueprint (12 devices).,No correction needed.,100.0,gemini-exp-1206,large,simulated,gemini-2.0-flash-thinking-exp-01-21,large
72,003-smart_agriculture,2,"WiFi devices are not declared in blueprint and not actively used in NS-3 simulation logic, despite including WiFi headers.",Remove unused WiFi related headers from the NS-3 code to align with the blueprint.,40.0,gemini-exp-1206,large,simulated,gemini-2.0-flash-thinking-exp-01-21,large
73,003-smart_agriculture,3,Location coordinates for all LoRa devices match the blueprint.,No correction needed.,100.0,gemini-exp-1206,large,simulated,gemini-2.0-flash-thinking-exp-01-21,large
74,003-smart_agriculture,4,Traffic duration (3 hours) and periodic traffic type match the blueprint.,No correction needed.,100.0,gemini-exp-1206,large,simulated,gemini-2.0-flash-thinking-exp-01-21,large
75,001-smart_agriculture,0,NS-3 SOURCE CODE is C++ with main function,No correction needed,100.0,gemini-2.0-flash-exp,large,simulated,gemini-2.0-flash-thinking-exp-01-21,large
76,001-smart_agriculture,1,"LoRa device counts match Blueprint (5 devices, 1 gateway)",No correction needed,100.0,gemini-2.0-flash-exp,large,simulated,gemini-2.0-flash-thinking-exp-01-21,large
77,001-smart_agriculture,2,WiFi device counts match Blueprint (0 devices),No correction needed,100.0,gemini-2.0-flash-exp,large,simulated,gemini-2.0-flash-thinking-exp-01-21,large
78,001-smart_agriculture,3,Location coordinates for LoRa devices and Gateway match Blueprint,No correction needed,100.0,gemini-2.0-flash-exp,large,simulated,gemini-2.0-flash-thinking-exp-01-21,large
79,001-smart_agriculture,4,"Traffic duration matches Blueprint (1 hour), traffic type is periodic which is suitable for sensor data","No correction needed, consider explicitly defining traffic type in blueprint for clarity",80.0,gemini-2.0-flash-exp,large,simulated,gemini-2.0-flash-thinking-exp-01-21,large
80,002-smart_agriculture,0,NS-3 code is valid C++ with main function,No correction needed,100.0,gemini-2.0-flash-exp,large,simulated,gemini-2.0-flash-thinking-exp-01-21,large
81,002-smart_agriculture,1,"LoRa device counts match the JSON blueprint (1 Gateway, 8 End Devices)",No correction needed,100.0,gemini-2.0-flash-exp,large,simulated,gemini-2.0-flash-thinking-exp-01-21,large
82,002-smart_agriculture,2,"JSON blueprint does not explicitly define WiFi devices, while the NS-3 code implements 1 WiFi AP and 2 WiFi STA nodes",Clarify WiFi device requirements in JSON blueprint or remove WiFi implementation from NS-3 code if not required,0.0,gemini-2.0-flash-exp,large,simulated,gemini-2.0-flash-thinking-exp-01-21,large
83,002-smart_agriculture,3,Location coordinates for LoRa End Devices and WiFi AP do not fully match the JSON blueprint specifications. LoRa End Devices are placed using a radius allocator instead of specific coordinates.,Use ListPositionAllocator for LoRa End Devices and WiFi AP to match the coordinates specified in the JSON blueprint,20.0,gemini-2.0-flash-exp,large,simulated,gemini-2.0-flash-thinking-exp-01-21,large
84,002-smart_agriculture,4,"Traffic duration and types are generally consistent with the JSON blueprint, with periodic traffic for LoRa and CBR UDP for WiFi.","No major correction needed. For more precise matching, remove '+ Hours(1)' from Simulator::Stop if exact 2-hour simulation is required.",80.0,gemini-2.0-flash-exp,large,simulated,gemini-2.0-flash-thinking-exp-01-21,large
85,003-smart_agriculture,0,NS-3 SOURCE CODE is C++/NS-3 with a main function,No correction needed,100.0,gemini-2.0-flash-exp,large,simulated,gemini-2.0-flash-thinking-exp-01-21,large
86,003-smart_agriculture,1,LoRa counts match Blueprint (12 devices),No correction needed,100.0,gemini-2.0-flash-exp,large,simulated,gemini-2.0-flash-thinking-exp-01-21,large
87,003-smart_agriculture,2,WiFi devices are used in NS-3 SOURCE CODE but not declared in JSON BLUEPRINT,Remove WiFi devices from NS-3 SOURCE CODE or add WiFi devices to JSON BLUEPRINT,0.0,gemini-2.0-flash-exp,large,simulated,gemini-2.0-flash-thinking-exp-01-21,large
88,003-smart_agriculture,3,Location coordinates for LoRa devices in NS-3 SOURCE-CODE match JSON BLUEPRINT,No correction needed,100.0,gemini-2.0-flash-exp,large,simulated,gemini-2.0-flash-thinking-exp-01-21,large
89,003-smart_agriculture,4,Traffic duration and type in NS-3 SOURCE-CODE match JSON BLUEPRINT,No correction needed,100.0,gemini-2.0-flash-exp,large,simulated,gemini-2.0-flash-thinking-exp-01-21,large
90,001-smart_city,0,NS-3 code with main function,No correction needed,100.0,codestral-2501,large,simulated,gemini-2.0-flash-thinking-exp-01-21,large
91,001-smart_city,1,LoRa device counts match the blueprint,No correction needed,100.0,codestral-2501,large,simulated,gemini-2.0-flash-thinking-exp-01-21,large
92,001-smart_city,2,WiFi device counts match the blueprint,No correction needed,100.0,codestral-2501,large,simulated,gemini-2.0-flash-thinking-exp-01-21,large
93,001-smart_city,3,LoRa device locations are not set according to blueprint,Set LoRa device locations using ListPositionAllocator and coordinates from JSON blueprint.,0.0,codestral-2501,large,simulated,gemini-2.0-flash-thinking-exp-01-21,large
94,001-smart_city,4,WiFi traffic duration is shorter than experiment duration and blueprint is not fully matched,Adjust WiFi traffic duration to match experiment duration in JSON blueprint.,0.0,codestral-2501,large,simulated,gemini-2.0-flash-thinking-exp-01-21,large
95,002-smart_city,0,NS-3 SOURCE CODE is valid C++ with main function,No correction needed,100.0,codestral-2501,large,simulated,gemini-2.0-flash-thinking-exp-01-21,large
96,002-smart_city,1,"LoRa device count matches the blueprint (1 Gateway, 4 Endpoints)",No correction needed,100.0,codestral-2501,large,simulated,gemini-2.0-flash-thinking-exp-01-21,large
97,002-smart_city,2,"WiFi device count matches the blueprint (2 APs, 3 Stations)",No correction needed,100.0,codestral-2501,large,simulated,gemini-2.0-flash-thinking-exp-01-21,large
98,002-smart_city,3,"LoRa endpoint locations are not matched with the blueprint coordinates, UniformDiscPositionAllocator is used instead of ListPositionAllocator",Use ListPositionAllocator for LoRa endpoints and set positions according to the blueprint,0.0,codestral-2501,large,simulated,gemini-2.0-flash-thinking-exp-01-21,large
99,002-smart_city,4,Traffic type and details for LoRa and WiFi devices do not fully match the blueprint,Implement specific traffic patterns for each device as described in the blueprint,0.0,codestral-2501,large,simulated,gemini-2.0-flash-thinking-exp-01-21,large
100,003-smart_city,0,NS-3 C++ code with main function,No correction needed,100.0,codestral-2501,large,simulated,gemini-2.0-flash-thinking-exp-01-21,large
101,003-smart_city,1,LoRa device counts match blueprint,No correction needed,100.0,codestral-2501,large,simulated,gemini-2.0-flash-thinking-exp-01-21,large
102,003-smart_city,2,WiFi device counts match blueprint,No correction needed,100.0,codestral-2501,large,simulated,gemini-2.0-flash-thinking-exp-01-21,large
103,003-smart_city,3,"Location coordinates partially match, LoRa ED locations are random",Use ListPositionAllocator for LoRa End Devices with coordinates from JSON blueprint,40.0,codestral-2501,large,simulated,gemini-2.0-flash-thinking-exp-01-21,large
104,003-smart_city,4,"Traffic type and duration mismatched, WiFi traffic mostly incorrect","Implement specific traffic types (TCP, HTTP, UDP) and durations as described in JSON blueprint for WiFi and LoRa devices",20.0,codestral-2501,large,simulated,gemini-2.0-flash-thinking-exp-01-21,large
105,001-smart_city,0,NS-3 SOURCE CODE is not a valid C++ NS-3 code with a main function,Generate valid C++ NS-3 code with a main function,0.0,google/codegemma-7b-it,small,simulated,gemini-2.0-flash-thinking-exp-01-21,large
106,001-smart_city,1,"JSON BLUEPRINT defines 1 LoRa gateway and 2 LoRa devices, but NS-3 SOURCE CODE does not define any LoRa devices.",Implement LoRa devices and gateways in the NS-3 SOURCE CODE as defined in the JSON BLUEPRINT.,0.0,google/codegemma-7b-it,small,simulated,gemini-2.0-flash-thinking-exp-01-21,large
107,001-smart_city,2,"JSON BLUEPRINT defines 1 WiFi AP and 1 WiFi station, but NS-3 SOURCE CODE appears to configure 2 WiFi stations.",Adjust the NS-3 SOURCE CODE to match the WiFi device count defined in the JSON BLUEPRINT (1 AP and 1 station).,0.0,google/codegemma-7b-it,small,simulated,gemini-2.0-flash-thinking-exp-01-21,large
108,001-smart_city,3,"JSON BLUEPRINT defines coordinates for all devices, but NS-3 SOURCE CODE does not include any location coordinates for the devices.",Implement location coordinate configuration for devices in the NS-3 SOURCE CODE based on the JSON BLUEPRINT.,0.0,google/codegemma-7b-it,small,simulated,gemini-2.0-flash-thinking-exp-01-21,large
109,001-smart_city,4,"JSON BLUEPRINT defines traffic flow and duration, but NS-3 SOURCE CODE does not include any traffic configuration.",Implement traffic flow and duration configuration in the NS-3 SOURCE CODE as defined in the JSON BLUEPRINT.,0.0,google/codegemma-7b-it,small,simulated,gemini-2.0-flash-thinking-exp-01-21,large
110,002-smart_city,0,NS-3 SOURCE CODE is not a valid C++ NS-3 code with a main function. It appears to be runtime output.,Generate valid C++ NS-3 code with a main function that simulates the network.,0.0,google/codegemma-7b-it,small,simulated,gemini-2.0-flash-thinking-exp-01-21,large
111,002-smart_city,1,LoRa count mismatch due to invalid NS-3 code. JSON blueprint defines 5 LoRa devices.,Ensure the generated NS-3 code correctly instantiates 5 LoRa devices as defined in the JSON.,0.0,google/codegemma-7b-it,small,simulated,gemini-2.0-flash-thinking-exp-01-21,large
112,002-smart_city,2,WiFi count mismatch due to invalid NS-3 code. JSON blueprint defines 5 WiFi devices.,Ensure the generated NS-3 code correctly instantiates 5 WiFi devices as defined in the JSON.,0.0,google/codegemma-7b-it,small,simulated,gemini-2.0-flash-thinking-exp-01-21,large
113,002-smart_city,3,Location coordinates mismatch due to invalid NS-3 code. No location information present in the code.,Implement location coordinate assignment for devices in the NS-3 code based on the JSON blueprint.,0.0,google/codegemma-7b-it,small,simulated,gemini-2.0-flash-thinking-exp-01-21,large
114,002-smart_city,4,Traffic duration and type mismatch due to invalid NS-3 code. No traffic configuration in the code.,Configure traffic duration and type for devices in the NS-3 code according to the JSON blueprint.,0.0,google/codegemma-7b-it,small,simulated,gemini-2.0-flash-thinking-exp-01-21,large
115,003-smart_city,0,"NS-3 SOURCE CODE is not provided, cannot verify if it is valid C++ NS-3 code with a main function.",Provide the NS-3 source code to verify its structure and validity.,0.0,google/codegemma-7b-it,small,simulated,gemini-2.0-flash-thinking-exp-01-21,large
116,003-smart_city,1,Cannot verify LoRa device count as NS-3 SOURCE CODE is not provided. JSON blueprint defines 6 LoRa devices (2 gateways + 4 endpoints).,Provide the NS-3 source code to verify LoRa device count.,0.0,google/codegemma-7b-it,small,simulated,gemini-2.0-flash-thinking-exp-01-21,large
117,003-smart_city,2,Cannot verify WiFi device count as NS-3 SOURCE CODE is not provided. JSON blueprint defines 5 WiFi devices (2 APs + 3 stations).,Provide the NS-3 source code to verify WiFi device count.,0.0,google/codegemma-7b-it,small,simulated,gemini-2.0-flash-thinking-exp-01-21,large
118,003-smart_city,3,Cannot verify device locations as NS-3 SOURCE CODE is not provided. JSON blueprint provides coordinates for all devices.,Provide the NS-3 source code to verify device locations.,0.0,google/codegemma-7b-it,small,simulated,gemini-2.0-flash-thinking-exp-01-21,large
119,003-smart_city,4,Cannot verify traffic duration and type as NS-3 SOURCE CODE is not provided. JSON blueprint defines traffic parameters for some devices.,Provide the NS-3 source code to verify traffic configuration.,0.0,google/codegemma-7b-it,small,simulated,gemini-2.0-flash-thinking-exp-01-21,large
120,001-smart_city,0,NS-3 SOURCE CODE is missing main function and NS-3 implementation,Implement a main function and NS-3 logic in the C++ code,0.0,codellama/CodeLlama-7b-Instruct-hf,small,simulated,gemini-2.0-flash-thinking-exp-01-21,large
121,001-smart_city,1,"NS-3 code does not implement LoRa devices, blueprint defines 3 LoRa devices",Implement LoRa devices in NS-3 code according to blueprint count,0.0,codellama/CodeLlama-7b-Instruct-hf,small,simulated,gemini-2.0-flash-thinking-exp-01-21,large
122,001-smart_city,2,"NS-3 code does not implement WiFi devices, blueprint defines 2 WiFi devices",Implement WiFi devices in NS-3 code according to blueprint count,0.0,codellama/CodeLlama-7b-Instruct-hf,small,simulated,gemini-2.0-flash-thinking-exp-01-21,large
123,001-smart_city,3,"NS-3 code does not implement device locations, blueprint defines device locations",Implement device location settings in NS-3 code based on blueprint coordinates,0.0,codellama/CodeLlama-7b-Instruct-hf,small,simulated,gemini-2.0-flash-thinking-exp-01-21,large
124,001-smart_city,4,"NS-3 code does not implement traffic duration and type, blueprint defines traffic parameters",Implement traffic generation and duration in NS-3 code based on blueprint description,0.0,codellama/CodeLlama-7b-Instruct-hf,small,simulated,gemini-2.0-flash-thinking-exp-01-21,large
125,002-smart_city,0,NS-3 SOURCE CODE is not C++ or does not contain main function,Provide a valid C++ NS-3 code with a main function,0.0,codellama/CodeLlama-7b-Instruct-hf,small,simulated,gemini-2.0-flash-thinking-exp-01-21,large
126,002-smart_city,1,"LoRa counts do not match. JSON blueprint has 5 LoRa devices, NS-3 code has 0",Implement LoRa device creation in NS-3 code according to JSON blueprint,0.0,codellama/CodeLlama-7b-Instruct-hf,small,simulated,gemini-2.0-flash-thinking-exp-01-21,large
127,002-smart_city,2,"WiFi counts do not match. JSON blueprint has 5 WiFi devices, NS-3 code has 0",Implement WiFi device creation in NS-3 code according to JSON blueprint,0.0,codellama/CodeLlama-7b-Instruct-hf,small,simulated,gemini-2.0-flash-thinking-exp-01-21,large
128,002-smart_city,3,"Location coordinates do not match. JSON blueprint has coordinates, NS-3 code has none",Implement device location coordinates in NS-3 code according to JSON blueprint,0.0,codellama/CodeLlama-7b-Instruct-hf,small,simulated,gemini-2.0-flash-thinking-exp-01-21,large
129,002-smart_city,4,"Traffic duration and type do not match. JSON blueprint defines traffic, NS-3 code has none",Implement traffic configuration in NS-3 code according to JSON blueprint,0.0,codellama/CodeLlama-7b-Instruct-hf,small,simulated,gemini-2.0-flash-thinking-exp-01-21,large
130,003-smart_city,0,"NS-3 SOURCE CODE is empty, not a valid C++ NS-3 code with a main function.",Provide valid NS-3 C++ code with a main function.,0.0,codellama/CodeLlama-7b-Instruct-hf,small,simulated,gemini-2.0-flash-thinking-exp-01-21,large
131,003-smart_city,1,Feature n.0 score is 0,,0.0,codellama/CodeLlama-7b-Instruct-hf,small,simulated,gemini-2.0-flash-thinking-exp-01-21,large
132,003-smart_city,2,Feature n.0 score is 0,,0.0,codellama/CodeLlama-7b-Instruct-hf,small,simulated,gemini-2.0-flash-thinking-exp-01-21,large
133,003-smart_city,3,Feature n.0 score is 0,,0.0,codellama/CodeLlama-7b-Instruct-hf,small,simulated,gemini-2.0-flash-thinking-exp-01-21,large
134,003-smart_city,4,Feature n.0 score is 0,,0.0,codellama/CodeLlama-7b-Instruct-hf,small,simulated,gemini-2.0-flash-thinking-exp-01-21,large
135,001-smart_city,0,NS-3 SOURCE CODE is a valid C++ NS-3 code with a main function.,No correction needed.,100.0,mistral-large-2411,large,simulated,gemini-2.0-flash-thinking-exp-01-21,large
136,001-smart_city,1,LoRa device counts match the JSON blueprint (2 devices).,No correction needed.,100.0,mistral-large-2411,large,simulated,gemini-2.0-flash-thinking-exp-01-21,large
137,001-smart_city,2,WiFi device counts match the JSON blueprint (1 AP and 1 STA).,No correction needed.,100.0,mistral-large-2411,large,simulated,gemini-2.0-flash-thinking-exp-01-21,large
138,001-smart_city,3,"Location coordinates for Gateway and WiFi AP match, but LoRa devices are randomly placed within a radius instead of using blueprint coordinates. WiFi Station coordinates in code differ from blueprint.",Implement specific coordinates for LoRa devices as defined in JSON blueprint. Correct WiFi Station coordinates in blueprint or code to ensure consistency.,60.0,mistral-large-2411,large,simulated,gemini-2.0-flash-thinking-exp-01-21,large
139,001-smart_city,4,Traffic duration matches the JSON blueprint (1 hour). Traffic type for LoRa (periodic) and WiFi (UDP at 1Mbps) match the blueprint.,No correction needed.,100.0,mistral-large-2411,large,simulated,gemini-2.0-flash-thinking-exp-01-21,large
140,002-smart_city,0,NS-3 SOURCE CODE is C++ with main function,No correction needed,100.0,mistral-large-2411,large,simulated,gemini-2.0-flash-thinking-exp-01-21,large
141,002-smart_city,1,LoRa device counts match JSON blueprint,No correction needed,100.0,mistral-large-2411,large,simulated,gemini-2.0-flash-thinking-exp-01-21,large
142,002-smart_city,2,WiFi device counts match JSON blueprint,No correction needed,100.0,mistral-large-2411,large,simulated,gemini-2.0-flash-thinking-exp-01-21,large
143,002-smart_city,3,LoRa device locations do not match JSON blueprint,Implement location coordinates from JSON blueprint for LoRa devices,0.0,mistral-large-2411,large,simulated,gemini-2.0-flash-thinking-exp-01-21,large
144,002-smart_city,4,Traffic type and duration partially match JSON blueprint,"Align traffic type and duration with JSON blueprint, implement event-based traffic for LoRa and TCP/HTTP for WiFi",40.0,mistral-large-2411,large,simulated,gemini-2.0-flash-thinking-exp-01-21,large
145,003-smart_city,0,NS-3 C++ code with main function,,100.0,mistral-large-2411,large,simulated,gemini-2.0-flash-thinking-exp-01-21,large
146,003-smart_city,1,"LoRa device counts match. Blueprint defines 6 LoRa devices (2 gateways, 4 endpoints), and code creates 6 LoRa devices (2 gateways, 4 end devices).",,100.0,mistral-large-2411,large,simulated,gemini-2.0-flash-thinking-exp-01-21,large
147,003-smart_city,2,"WiFi device counts match. Blueprint defines 5 WiFi devices (2 APs, 3 stations), and code creates 5 WiFi devices (2 APs, 3 stations).",,100.0,mistral-large-2411,large,simulated,gemini-2.0-flash-thinking-exp-01-21,large
148,003-smart_city,3,"Location coordinates mismatch. LoRa endpoint locations are randomly allocated in code, while JSON blueprint specifies coordinates. WiFi STA-001 coordinates also do not match.",Use ListPositionAllocator for LoRa endpoints and WiFi STA-001 to match JSON blueprint coordinates.,0.0,mistral-large-2411,large,simulated,gemini-2.0-flash-thinking-exp-01-21,large
149,003-smart_city,4,"Traffic duration and type mismatch. WiFi traffic duration is 10 seconds, not 2 hours as specified in the blueprint. LoRa ""event-based transmission"" is not implemented, all are periodic. WiFi traffic types are not fully aligned with JSON blueprint descriptions (TCP and HTTP are not explicitly simulated).","Implement traffic patterns and durations as described in the JSON blueprint, including event-based transmission for LoRa and TCP/HTTP for WiFi if needed. Extend WiFi traffic duration to match test duration.",0.0,mistral-large-2411,large,simulated,gemini-2.0-flash-thinking-exp-01-21,large
150,001-smart_city,0,NS-3 SOURCE CODE is C++ with main function,No correction needed,100.0,gemini-exp-1206,large,simulated,gemini-2.0-flash-thinking-exp-01-21,large
151,001-smart_city,1,LoRa device counts match the blueprint,No correction needed,100.0,gemini-exp-1206,large,simulated,gemini-2.0-flash-thinking-exp-01-21,large
152,001-smart_city,2,WiFi device counts match the blueprint,No correction needed,100.0,gemini-exp-1206,large,simulated,gemini-2.0-flash-thinking-exp-01-21,large
153,001-smart_city,3,Location coordinates for all devices match the blueprint,No correction needed,100.0,gemini-exp-1206,large,simulated,gemini-2.0-flash-thinking-exp-01-21,large
154,001-smart_city,4,Traffic duration and type match the blueprint,No correction needed,100.0,gemini-exp-1206,large,simulated,gemini-2.0-flash-thinking-exp-01-21,large
155,002-smart_city,0,NS-3 code with main function found.,No correction needed.,100.0,gemini-exp-1206,large,simulated,gemini-2.0-flash-thinking-exp-01-21,large
156,002-smart_city,1,LoRa device counts match Blueprint (5 LoRa devices).,No correction needed.,100.0,gemini-exp-1206,large,simulated,gemini-2.0-flash-thinking-exp-01-21,large
157,002-smart_city,2,WiFi device counts match Blueprint (5 WiFi devices).,No correction needed.,100.0,gemini-exp-1206,large,simulated,gemini-2.0-flash-thinking-exp-01-21,large
158,002-smart_city,3,Device locations match Blueprint coordinates.,No correction needed.,100.0,gemini-exp-1206,large,simulated,gemini-2.0-flash-thinking-exp-01-21,large
159,002-smart_city,4,"Traffic type and duration partially match Blueprint. LoRa IOT-004 event-based missing. WiFi traffic type partially implemented, STA-003 HTTP missing, and incorrect source/destination.",Implement event-based traffic for LoRa IOT-004. Implement HTTP traffic for WiFi STA-003. Correct WiFi traffic flow and type for STA-001 and STA-002 to match Blueprint.,40.0,gemini-exp-1206,large,simulated,gemini-2.0-flash-thinking-exp-01-21,large
160,003-smart_city,0,NS-3 code is valid C++ with a main function.,No correction needed.,100.0,gemini-exp-1206,large,simulated,gemini-2.0-flash-thinking-exp-01-21,large
161,003-smart_city,1,LoRa device counts match the JSON blueprint (2 gateways + 4 endpoints).,No correction needed.,100.0,gemini-exp-1206,large,simulated,gemini-2.0-flash-thinking-exp-01-21,large
162,003-smart_city,2,WiFi device counts match the JSON blueprint (2 APs + 3 STAs).,No correction needed.,100.0,gemini-exp-1206,large,simulated,gemini-2.0-flash-thinking-exp-01-21,large
163,003-smart_city,3,Location coordinates for all devices match the JSON blueprint.,No correction needed.,100.0,gemini-exp-1206,large,simulated,gemini-2.0-flash-thinking-exp-01-21,large
164,003-smart_city,4,"Traffic duration matches, but traffic type mismatches for IOT-004 (event-based vs constant rate) and STA-003 (HTTP requests vs constant TCP).",Implement event-based transmission for IOT-004 and HTTP request simulation for STA-003.,60.0,gemini-exp-1206,large,simulated,gemini-2.0-flash-thinking-exp-01-21,large
165,001-smart_city,0,NS-3 C++ code with main function is present.,No correction needed.,100.0,gemini-2.0-flash-exp,large,simulated,gemini-2.0-flash-thinking-exp-01-21,large
166,001-smart_city,1,LoRa device count matches blueprint (2 devices).,No correction needed.,100.0,gemini-2.0-flash-exp,large,simulated,gemini-2.0-flash-thinking-exp-01-21,large
167,001-smart_city,2,WiFi device count matches blueprint (2 devices).,No correction needed.,100.0,gemini-2.0-flash-exp,large,simulated,gemini-2.0-flash-thinking-exp-01-21,large
168,001-smart_city,3,Location coordinates for LoRa and WiFi devices match the blueprint.,No correction needed.,100.0,gemini-2.0-flash-exp,large,simulated,gemini-2.0-flash-thinking-exp-01-21,large
169,001-smart_city,4,Traffic duration and type for LoRa and WiFi match the blueprint.,No correction needed.,100.0,gemini-2.0-flash-exp,large,simulated,gemini-2.0-flash-thinking-exp-01-21,large
170,002-smart_city,0,NS-3 code with main function,No correction needed,100.0,gemini-2.0-flash-exp,large,simulated,gemini-2.0-flash-thinking-exp-01-21,large
171,002-smart_city,1,"LoRa device counts match blueprint (1 Gateway, 4 Endpoints)",No correction needed,100.0,gemini-2.0-flash-exp,large,simulated,gemini-2.0-flash-thinking-exp-01-21,large
172,002-smart_city,2,"WiFi device counts match blueprint (2 APs, 3 Stations)",No correction needed,100.0,gemini-2.0-flash-exp,large,simulated,gemini-2.0-flash-thinking-exp-01-21,large
173,002-smart_city,3,Device locations match the coordinates in the blueprint,No correction needed,100.0,gemini-2.0-flash-exp,large,simulated,gemini-2.0-flash-thinking-exp-01-21,large
174,002-smart_city,4,"Traffic type and duration mostly match the blueprint, Parking Management (IOT-004) event-based traffic not implemented",Implement event-based traffic for Parking Management,0.0,gemini-2.0-flash-exp,large,simulated,gemini-2.0-flash-thinking-exp-01-21,large
175,003-smart_city,0,NS-3 code is C++ with main function,No correction needed,100.0,gemini-2.0-flash-exp,large,simulated,gemini-2.0-flash-thinking-exp-01-21,large
176,003-smart_city,1,LoRa device counts match JSON blueprint: 4 endpoints and 2 gateways.,No correction needed,100.0,gemini-2.0-flash-exp,large,simulated,gemini-2.0-flash-thinking-exp-01-21,large
177,003-smart_city,2,WiFi device counts match JSON blueprint: 3 stations and 2 access points.,No correction needed,100.0,gemini-2.0-flash-exp,large,simulated,gemini-2.0-flash-thinking-exp-01-21,large
178,003-smart_city,3,Location coordinates for all devices match the JSON blueprint.,No correction needed,100.0,gemini-2.0-flash-exp,large,simulated,gemini-2.0-flash-thinking-exp-01-21,large
179,003-smart_city,4,Traffic type and duration configurations in NS-3 code align with the JSON blueprint.,No correction needed,100.0,gemini-2.0-flash-exp,large,simulated,gemini-2.0-flash-thinking-exp-01-21,large
180,001-smart_home,0,NS-3 code with main function is present,No correction needed,100.0,codestral-2501,large,simulated,gemini-2.0-flash-thinking-exp-01-21,large
181,001-smart_home,1,LoRa devices are not used in both JSON and NS-3 code,No correction needed,100.0,codestral-2501,large,simulated,gemini-2.0-flash-thinking-exp-01-21,large
182,001-smart_home,2,WiFi device counts match in JSON (1 AP + 4 ST) and NS-3 code (1 AP + 4 ST),No correction needed,100.0,codestral-2501,large,simulated,gemini-2.0-flash-thinking-exp-01-21,large
183,001-smart_home,3,"Location coordinates in NS-3 code are consistent with relative distances in JSON, but JSON does not define explicit coordinates",Use explicit coordinates in JSON blueprint for device locations,80.0,codestral-2501,large,simulated,gemini-2.0-flash-thinking-exp-01-21,large
184,001-smart_home,4,"Traffic duration and start times are mostly consistent, but traffic type (TCP for SLB-001 in JSON vs UDP in NS-3) and throughput (max throughput in JSON vs fixed rate in NS-3) do not fully match","Implement TCP traffic for SLB-001 and address the 'max throughput' requirement, potentially using CBR or VBR traffic models.",40.0,codestral-2501,large,simulated,gemini-2.0-flash-thinking-exp-01-21,large
185,002-smart_home,0,NS-3 code is valid C++ with main function,No correction needed,100.0,codestral-2501,large,simulated,gemini-2.0-flash-thinking-exp-01-21,large
186,002-smart_home,1,JSON blueprint does not define LoRa devices and NS-3 code does not implement LoRa devices,No correction needed as LoRa is not in blueprint,100.0,codestral-2501,large,simulated,gemini-2.0-flash-thinking-exp-01-21,large
187,002-smart_home,2,"WiFi device counts in JSON blueprint (2 APs, 7 stations) match the NS-3 code (nWiFiAPNodes=2, nWiFiStaNodes=7)",No correction needed,100.0,codestral-2501,large,simulated,gemini-2.0-flash-thinking-exp-01-21,large
188,002-smart_home,3,Location coordinates in NS-3 code are consistent with the 'distance_meters' defined in the JSON blueprint for each device,No correction needed,100.0,codestral-2501,large,simulated,gemini-2.0-flash-thinking-exp-01-21,large
189,002-smart_home,4,"Traffic type mismatch: JSON specifies TCP for some devices, but NS-3 code uses UDP for all traffic. Duration is mostly matched.",Correct the NS-3 code to use TCP protocol as defined in JSON blueprint for relevant devices.,40.0,codestral-2501,large,simulated,gemini-2.0-flash-thinking-exp-01-21,large
190,003-smart_home,0,NS-3 C++ code with main function,No correction needed,100.0,codestral-2501,large,simulated,gemini-2.0-flash-thinking-exp-01-21,large
191,003-smart_home,1,LoRa devices count matches blueprint (0 vs 0),No correction needed,100.0,codestral-2501,large,simulated,gemini-2.0-flash-thinking-exp-01-21,large
192,003-smart_home,2,WiFi devices count matches blueprint (8 vs 8),No correction needed,100.0,codestral-2501,large,simulated,gemini-2.0-flash-thinking-exp-01-21,large
193,003-smart_home,3,Location coordinates for WiFi devices match blueprint distances,No correction needed,100.0,codestral-2501,large,simulated,gemini-2.0-flash-thinking-exp-01-21,large
194,003-smart_home,4,"Traffic duration and type partially match blueprint. Protocol is always UDP, throughput for maximum is set to 1Mbps, durations slightly longer in code.","Correct protocols to match blueprint (TCP/UDP), implement 'maximum' throughput correctly, and adjust durations to match blueprint exactly.",40.0,codestral-2501,large,simulated,gemini-2.0-flash-thinking-exp-01-21,large
195,001-smart_home,0,NS-3 SOURCE CODE is not valid C++ NS-3 code with a main function.,Provide a valid C++ NS-3 code with a main function.,0.0,google/codegemma-7b-it,small,simulated,gemini-2.0-flash-thinking-exp-01-21,large
196,001-smart_home,1,"JSON BLUEPRINT does not declare LoRa devices, and NS-3 SOURCE CODE does not show LoRa usage, but NS-3 code is not valid.",Implement LoRa devices in NS-3 code if needed or remove LoRa references if not needed.,0.0,google/codegemma-7b-it,small,simulated,gemini-2.0-flash-thinking-exp-01-21,large
197,001-smart_home,2,"JSON BLUEPRINT declares 5 WiFi devices, NS-3 SOURCE CODE suggests 2 WiFi devices, but NS-3 code is not valid.",Implement the correct number of WiFi devices (5) in NS-3 code according to JSON BLUEPRINT.,0.0,google/codegemma-7b-it,small,simulated,gemini-2.0-flash-thinking-exp-01-21,large
198,001-smart_home,3,"JSON BLUEPRINT provides location information, but NS-3 SOURCE CODE does not provide any location coordinates, and NS-3 code is not valid.",Implement device location coordinates in NS-3 code according to JSON BLUEPRINT.,0.0,google/codegemma-7b-it,small,simulated,gemini-2.0-flash-thinking-exp-01-21,large
199,001-smart_home,4,"JSON BLUEPRINT specifies traffic details, but NS-3 SOURCE CODE does not provide any traffic information, and NS-3 code is not valid.",Implement traffic generation in NS-3 code according to JSON BLUEPRINT.,0.0,google/codegemma-7b-it,small,simulated,gemini-2.0-flash-thinking-exp-01-21,large
200,002-smart_home,0,NS-3 SOURCE CODE is not a valid C++ NS-3 code with a main function,Generate a complete NS-3 C++ script with a main function,0.0,google/codegemma-7b-it,small,simulated,gemini-2.0-flash-thinking-exp-01-21,large
201,002-smart_home,1,"NS-3 SOURCE CODE is not valid, Feature 0 score is 0",,0.0,google/codegemma-7b-it,small,simulated,gemini-2.0-flash-thinking-exp-01-21,large
202,002-smart_home,2,"NS-3 SOURCE CODE is not valid, Feature 0 score is 0",,0.0,google/codegemma-7b-it,small,simulated,gemini-2.0-flash-thinking-exp-01-21,large
203,002-smart_home,3,"NS-3 SOURCE CODE is not valid, Feature 0 score is 0",,0.0,google/codegemma-7b-it,small,simulated,gemini-2.0-flash-thinking-exp-01-21,large
204,002-smart_home,4,"NS-3 SOURCE CODE is not valid, Feature 0 score is 0",,0.0,google/codegemma-7b-it,small,simulated,gemini-2.0-flash-thinking-exp-01-21,large
205,003-smart_home,0,NS-3 SOURCE CODE is not a valid C++ NS-3 code with a main function.,Generate valid C++ NS-3 code with a main function.,0.0,google/codegemma-7b-it,small,simulated,gemini-2.0-flash-thinking-exp-01-21,large
206,003-smart_home,1,"JSON BLUEPRINT does not define LoRa devices, and NS-3 SOURCE CODE is not valid, assuming no LoRa implementation.",Implement LoRa devices in NS-3 SOURCE CODE if required by the scenario.,0.0,google/codegemma-7b-it,small,simulated,gemini-2.0-flash-thinking-exp-01-21,large
207,003-smart_home,2,"JSON BLUEPRINT defines 8 WiFi devices, NS-3 SOURCE CODE is not valid, assuming no WiFi count information.",Implement all 8 WiFi devices in NS-3 SOURCE CODE as defined in JSON BLUEPRINT.,0.0,google/codegemma-7b-it,small,simulated,gemini-2.0-flash-thinking-exp-01-21,large
208,003-smart_home,3,"JSON BLUEPRINT does not define device locations, NS-3 SOURCE CODE is not valid, assuming no location implementation.",Implement device locations in NS-3 SOURCE CODE as defined in JSON BLUEPRINT if required.,0.0,google/codegemma-7b-it,small,simulated,gemini-2.0-flash-thinking-exp-01-21,large
209,003-smart_home,4,"Traffic duration and type are defined in JSON BLUEPRINT, NS-3 SOURCE CODE is not valid, assuming no traffic implementation.",Implement traffic duration and type as defined in JSON BLUEPRINT in NS-3 SOURCE CODE.,0.0,google/codegemma-7b-it,small,simulated,gemini-2.0-flash-thinking-exp-01-21,large
210,001-smart_home,0,NS-3 SOURCE CODE is not a valid C++ NS-3 code with a main function,Provide a valid C++ NS-3 code with a main function,0.0,codellama/CodeLlama-7b-Instruct-hf,small,simulated,gemini-2.0-flash-thinking-exp-01-21,large
211,001-smart_home,1,"Feature n.0 score is 0, cannot evaluate this feature",Correct feature n.0 first,0.0,codellama/CodeLlama-7b-Instruct-hf,small,simulated,gemini-2.0-flash-thinking-exp-01-21,large
212,001-smart_home,2,"Feature n.0 score is 0, cannot evaluate this feature",Correct feature n.0 first,0.0,codellama/CodeLlama-7b-Instruct-hf,small,simulated,gemini-2.0-flash-thinking-exp-01-21,large
213,001-smart_home,3,"Feature n.0 score is 0, cannot evaluate this feature",Correct feature n.0 first,0.0,codellama/CodeLlama-7b-Instruct-hf,small,simulated,gemini-2.0-flash-thinking-exp-01-21,large
214,001-smart_home,4,"Feature n.0 score is 0, cannot evaluate this feature",Correct feature n.0 first,0.0,codellama/CodeLlama-7b-Instruct-hf,small,simulated,gemini-2.0-flash-thinking-exp-01-21,large
215,002-smart_home,0,NS-3 code does not contain main function,Implement main function and NS-3 simulation logic,0.0,codellama/CodeLlama-7b-Instruct-hf,small,simulated,gemini-2.0-flash-thinking-exp-01-21,large
216,002-smart_home,1,"JSON Blueprint does not define LoRa devices. NS-3 Source Code includes LoRa related headers, but Feature 0 is 0",Remove LoRa headers if not needed or implement LoRa devices as per blueprint,0.0,codellama/CodeLlama-7b-Instruct-hf,small,simulated,gemini-2.0-flash-thinking-exp-01-21,large
217,002-smart_home,2,"JSON Blueprint defines WiFi devices, but NS-3 Source Code is incomplete and Feature 0 is 0",Implement WiFi device creation and configuration in NS-3 code,0.0,codellama/CodeLlama-7b-Instruct-hf,small,simulated,gemini-2.0-flash-thinking-exp-01-21,large
218,002-smart_home,3,"JSON Blueprint defines device locations, but NS-3 Source Code is incomplete and Feature 0 is 0",Implement device location configuration in NS-3 code based on blueprint,0.0,codellama/CodeLlama-7b-Instruct-hf,small,simulated,gemini-2.0-flash-thinking-exp-01-21,large
219,002-smart_home,4,"JSON Blueprint defines traffic profiles, but NS-3 Source Code is incomplete and Feature 0 is 0",Implement traffic generation and configuration in NS-3 code based on blueprint,0.0,codellama/CodeLlama-7b-Instruct-hf,small,simulated,gemini-2.0-flash-thinking-exp-01-21,large
220,003-smart_home,0,NS-3 SOURCE CODE is missing the main function.,Add a main function to define the simulation and run it.,0.0,codellama/CodeLlama-7b-Instruct-hf,small,simulated,gemini-2.0-flash-thinking-exp-01-21,large
221,003-smart_home,1,NS-3 code is not valid due to missing main function. LoRa usage cannot be assessed.,Ensure NS-3 code includes a main function to validate LoRa feature if needed.,0.0,codellama/CodeLlama-7b-Instruct-hf,small,simulated,gemini-2.0-flash-thinking-exp-01-21,large
222,003-smart_home,2,NS-3 code is not valid due to missing main function. WiFi device count cannot be verified.,Implement WiFi device creation and count verification in a main function.,0.0,codellama/CodeLlama-7b-Instruct-hf,small,simulated,gemini-2.0-flash-thinking-exp-01-21,large
223,003-smart_home,3,NS-3 code is not valid due to missing main function. Device locations cannot be verified.,Implement device location setting based on JSON in the main function.,0.0,codellama/CodeLlama-7b-Instruct-hf,small,simulated,gemini-2.0-flash-thinking-exp-01-21,large
224,003-smart_home,4,NS-3 code is not valid due to missing main function. Traffic parameters cannot be verified.,Implement traffic application setup based on JSON in the main function.,0.0,codellama/CodeLlama-7b-Instruct-hf,small,simulated,gemini-2.0-flash-thinking-exp-01-21,large
225,001-smart_home,0,NS-3 C++ code with main function,No correction needed,100.0,mistral-large-2411,large,simulated,gemini-2.0-flash-thinking-exp-01-21,large
226,001-smart_home,1,LoRa devices are used in code but not explicitly declared in JSON blueprint,Explicitly declare LoRa devices and counts in JSON blueprint,0.0,mistral-large-2411,large,simulated,gemini-2.0-flash-thinking-exp-01-21,large
227,001-smart_home,2,WiFi device counts match between JSON blueprint and NS-3 code,No correction needed,100.0,mistral-large-2411,large,simulated,gemini-2.0-flash-thinking-exp-01-21,large
228,001-smart_home,3,Device locations in NS-3 code do not match explicit coordinates from JSON blueprint (coordinates are not specified in JSON for WiFi stations and LoRa end devices),Specify device coordinates in JSON blueprint or align coordinate generation logic,0.0,mistral-large-2411,large,simulated,gemini-2.0-flash-thinking-exp-01-21,large
229,001-smart_home,4,Traffic duration and type match between JSON blueprint and NS-3 code,No correction needed,100.0,mistral-large-2411,large,simulated,gemini-2.0-flash-thinking-exp-01-21,large
230,002-smart_home,0,NS-3 code is valid C++ with a main function.,No correction needed.,100.0,mistral-large-2411,large,simulated,gemini-2.0-flash-thinking-exp-01-21,large
231,002-smart_home,1,JSON blueprint does not declare LoRa devices and NS-3 code does not use LoRa.,No correction needed.,100.0,mistral-large-2411,large,simulated,gemini-2.0-flash-thinking-exp-01-21,large
232,002-smart_home,2,Number of WiFi APs and STAs in JSON blueprint (2+7=9) matches the number of WiFi nodes defined in NS-3 code (2+7=9).,No correction needed.,100.0,mistral-large-2411,large,simulated,gemini-2.0-flash-thinking-exp-01-21,large
233,002-smart_home,3,Device locations based on 'distance_meters' in JSON blueprint match the X-coordinates defined in NS-3 code.,No correction needed.,100.0,mistral-large-2411,large,simulated,gemini-2.0-flash-thinking-exp-01-21,large
234,002-smart_home,4,"Traffic type and throughput generally match, but there are mismatches in traffic duration for ST-003 and SSC-001.",Correct traffic duration for ST-003 and SSC-001 to match the JSON blueprint.,60.0,mistral-large-2411,large,simulated,gemini-2.0-flash-thinking-exp-01-21,large
235,003-smart_home,0,NS-3 SOURCE CODE is C++/NS-3 with a main function.,"No correction needed, code is valid C++ NS-3 with main function.",100.0,mistral-large-2411,large,simulated,gemini-2.0-flash-thinking-exp-01-21,large
236,003-smart_home,1,JSON BLUEPRINT and NS-3 code both do not define any LoRa devices.,No correction needed as LoRa devices are not intended in this scenario.,100.0,mistral-large-2411,large,simulated,gemini-2.0-flash-thinking-exp-01-21,large
237,003-smart_home,2,"JSON BLUEPRINT defines 1 WiFi AP and 7 WiFi stations, and NS-3 code creates 1 AP and 7 stations.","No correction needed, WiFi device counts match.",100.0,mistral-large-2411,large,simulated,gemini-2.0-flash-thinking-exp-01-21,large
238,003-smart_home,3,Coordinates in NS-3 code match distances specified in JSON BLUEPRINT for all WiFi devices.,"No correction needed, location coordinates match.",100.0,mistral-large-2411,large,simulated,gemini-2.0-flash-thinking-exp-01-21,large
239,003-smart_home,4,"Traffic configuration mismatches for SLB-001 (protocol, throughput), SVC-001 (throughput), and ST-001 (sender missing).",Correct protocol and throughput for SLB-001 and SVC-001. Define a sender application targeting ST-001 if it should also send traffic.,60.0,mistral-large-2411,large,simulated,gemini-2.0-flash-thinking-exp-01-21,large
240,001-smart_home,0,NS-3 code is C++ with a main function.,No correction needed.,100.0,gemini-exp-1206,large,simulated,gemini-2.0-flash-thinking-exp-01-21,large
241,001-smart_home,1,JSON BLUEPRINT does not define LoRa devices and NS-3 code does not use LoRa.,No correction needed.,100.0,gemini-exp-1206,large,simulated,gemini-2.0-flash-thinking-exp-01-21,large
242,001-smart_home,2,"JSON BLUEPRINT defines 1 WiFi AP and 4 WiFi stations, and NS-3 code creates 1 AP and 4 stations.",No correction needed.,100.0,gemini-exp-1206,large,simulated,gemini-2.0-flash-thinking-exp-01-21,large
243,001-smart_home,3,Device locations in NS-3 code match the distances from AP described in JSON BLUEPRINT.,No correction needed.,100.0,gemini-exp-1206,large,simulated,gemini-2.0-flash-thinking-exp-01-21,large
244,001-smart_home,4,"Traffic types, durations, and start times in NS-3 code match the 'activity' descriptions in JSON BLUEPRINT.",No correction needed.,100.0,gemini-exp-1206,large,simulated,gemini-2.0-flash-thinking-exp-01-21,large
245,002-smart_home,0,NS-3 SOURCE CODE is valid C++ NS-3 code with a main function.,No correction needed.,100.0,gemini-exp-1206,large,simulated,gemini-2.0-flash-thinking-exp-01-21,large
246,002-smart_home,1,JSON blueprint does not define LoRa devices and NS-3 code does not use LoRa. LoRa counts match (0=0).,No correction needed as LoRa configuration is consistent with the blueprint.,100.0,gemini-exp-1206,large,simulated,gemini-2.0-flash-thinking-exp-01-21,large
247,002-smart_home,2,"JSON blueprint defines 2 WiFi Access Points and 7 WiFi Stations, totaling 9 WiFi devices. NS-3 code also configures 2 APs and 7 stations, totaling 9 WiFi devices. WiFi counts match.",No correction needed as WiFi device counts are consistent with the blueprint.,100.0,gemini-exp-1206,large,simulated,gemini-2.0-flash-thinking-exp-01-21,large
248,002-smart_home,3,"Location coordinates for all WiFi stations in NS-3 code match the 'distance_meters' specified in the JSON blueprint, interpreted as distance from respective AP.",No correction needed as location coordinates are consistent with the blueprint.,100.0,gemini-exp-1206,large,simulated,gemini-2.0-flash-thinking-exp-01-21,large
249,002-smart_home,4,Traffic duration and type for all devices match between JSON blueprint and NS-3 code.,No correction needed as traffic configurations are consistent with the blueprint.,100.0,gemini-exp-1206,large,simulated,gemini-2.0-flash-thinking-exp-01-21,large
250,003-smart_home,0,NS-3 SOURCE CODE is C++ with main function,No correction needed,100.0,gemini-exp-1206,large,simulated,gemini-2.0-flash-thinking-exp-01-21,large
251,003-smart_home,1,No LoRa devices are defined in JSON BLUEPRINT and NS-3 SOURCE CODE does not use LoRa,No correction needed,100.0,gemini-exp-1206,large,simulated,gemini-2.0-flash-thinking-exp-01-21,large
252,003-smart_home,2,Number of WiFi devices matches JSON BLUEPRINT (1 AP and 7 Stations),No correction needed,100.0,gemini-exp-1206,large,simulated,gemini-2.0-flash-thinking-exp-01-21,large
253,003-smart_home,3,Location coordinates for devices in NS-3 SOURCE-CODE match coordinates in JSON BLUEPRINT,No correction needed,100.0,gemini-exp-1206,large,simulated,gemini-2.0-flash-thinking-exp-01-21,large
254,003-smart_home,4,"Traffic type and throughput match JSON BLUEPRINT, but traffic duration is slightly different for SRT-001 and SVC-001",Adjust traffic stop times in code to match blueprint durations for SRT-001 and SVC-001,80.0,gemini-exp-1206,large,simulated,gemini-2.0-flash-thinking-exp-01-21,large
255,001-smart_home,0,NS-3 SOURCE CODE is valid C++ with main function,No correction needed,100.0,gemini-2.0-flash-exp,large,simulated,gemini-2.0-flash-thinking-exp-01-21,large
256,001-smart_home,1,"JSON BLUEPRINT does not declare LoRa devices, but NS-3 SOURCE-CODE implements LoRa network",Remove LoRa implementation or add LoRa devices to JSON BLUEPRINT,0.0,gemini-2.0-flash-exp,large,simulated,gemini-2.0-flash-thinking-exp-01-21,large
257,001-smart_home,2,WiFi device counts match between JSON BLUEPRINT and NS-3 SOURCE-CODE,No correction needed,100.0,gemini-2.0-flash-exp,large,simulated,gemini-2.0-flash-thinking-exp-01-21,large
258,001-smart_home,3,"JSON BLUEPRINT does not specify location coordinates, while NS-3 SOURCE-CODE assigns coordinates",Add location coordinates in JSON BLUEPRINT or remove coordinate assignment from NS-3 code if not specified in JSON,0.0,gemini-2.0-flash-exp,large,simulated,gemini-2.0-flash-thinking-exp-01-21,large
259,001-smart_home,4,Traffic type and throughput description mismatch between JSON BLUEPRINT and NS-3 SOURCE-CODE for WiFi stations,"Align traffic types, throughput specification, duration and start times with JSON BLUEPRINT",20.0,gemini-2.0-flash-exp,large,simulated,gemini-2.0-flash-thinking-exp-01-21,large
260,002-smart_home,0,NS-3 SOURCE CODE is C++/NS-3 with a main function.,No correction needed.,100.0,gemini-2.0-flash-exp,large,simulated,gemini-2.0-flash-thinking-exp-01-21,large
261,002-smart_home,1,"JSON BLUEPRINT does not declare LoRa devices, but NS-3 SOURCE-CODE includes LoRa implementation.",Remove LoRa implementation from the code as it's not specified in the blueprint.,0.0,gemini-2.0-flash-exp,large,simulated,gemini-2.0-flash-thinking-exp-01-21,large
262,002-smart_home,2,JSON BLUEPRINT declares 2 WiFi Access Points and 7 WiFi Stations. NS-3 SOURCE-CODE correctly uses these counts.,No correction needed.,100.0,gemini-2.0-flash-exp,large,simulated,gemini-2.0-flash-thinking-exp-01-21,large
263,002-smart_home,3,"JSON BLUEPRINT provides string locations, but NS-3 SOURCE-CODE uses hardcoded numerical coordinates. Location matching is not implemented.","Align device location implementation with blueprint specifications. If blueprint provides string location, code should either translate to coordinates or handle string locations appropriately.",0.0,gemini-2.0-flash-exp,large,simulated,gemini-2.0-flash-thinking-exp-01-21,large
264,002-smart_home,4,"JSON BLUEPRINT defines traffic parameters for WiFi stations, and NS-3 SOURCE-CODE correctly parses and implements them.",No correction needed.,100.0,gemini-2.0-flash-exp,large,simulated,gemini-2.0-flash-thinking-exp-01-21,large
265,003-smart_home,0,Valid NS-3 C++ code with main function.,No correction needed.,100.0,gemini-2.0-flash-exp,large,simulated,gemini-2.0-flash-thinking-exp-01-21,large
266,003-smart_home,1,LoRa devices declared in NS-3 code but not in JSON blueprint.,Remove LoRa implementation or add LoRa devices to blueprint.,0.0,gemini-2.0-flash-exp,large,simulated,gemini-2.0-flash-thinking-exp-01-21,large
267,003-smart_home,2,WiFi devices count matches blueprint.,No correction needed.,100.0,gemini-2.0-flash-exp,large,simulated,gemini-2.0-flash-thinking-exp-01-21,large
268,003-smart_home,3,Device locations are defined in NS-3 code but not specified in JSON blueprint.,Add device location coordinates to JSON blueprint.,0.0,gemini-2.0-flash-exp,large,simulated,gemini-2.0-flash-thinking-exp-01-21,large
269,003-smart_home,4,Traffic duration and type for WiFi stations match the blueprint.,No correction needed.,100.0,gemini-2.0-flash-exp,large,simulated,gemini-2.0-flash-thinking-exp-01-21,large
